spend_id,date,campaign_id,channel,utm_source,utm_medium,utm_campaign,impressions,clicks,ad_spend,currency
SP000001,2021-10-25,1,Paid Search,google,cpc,campaign_01,35,2,10.0,USD
SP000002,2021-10-26,1,Paid Search,google,cpc,campaign_01,68,4,10.0,USD
SP000003,2021-10-27,1,Paid Search,google,cpc,campaign_01,68,3,10.0,USD
SP000004,2021-10-28,1,Paid Search,google,cpc,campaign_01,108,6,14.64,USD
SP000005,2021-10-29,1,Paid Search,google,cpc,campaign_01,73,4,10.0,USD
SP000006,2021-10-30,1,Paid Search,google,cpc,campaign_01,17,1,10.0,USD
SP000007,2021-10-31,1,Paid Search,google,cpc,campaign_01,18,1,10.0,USD
SP000008,2021-11-01,1,Paid Search,google,cpc,campaign_01,52,3,10.0,USD
SP000009,2021-11-02,1,Paid Search,google,cpc,campaign_01,88,5,10.0,USD
SP000010,2021-11-03,1,Paid Search,google,cpc,campaign_01,67,4,10.0,USD
SP000011,2021-11-04,1,Paid Search,google,cpc,campaign_01,74,4,10.0,USD
SP000012,2021-11-05,1,Paid Search,google,cpc,campaign_01,81,5,12.59,USD
SP000013,2021-11-06,1,Paid Search,google,cpc,campaign_01,19,1,10.0,USD
SP000014,2021-11-07,1,Paid Search,google,cpc,campaign_01,17,1,10.0,USD
SP000015,2021-11-08,1,Paid Search,google,cpc,campaign_01,52,3,10.0,USD
SP000016,2021-11-09,1,Paid Search,google,cpc,campaign_01,45,3,10.0,USD
SP000017,2021-11-10,1,Paid Search,google,cpc,campaign_01,77,4,10.0,USD
SP000018,2021-11-11,1,Paid Search,google,cpc,campaign_01,34,2,10.0,USD
SP000019,2021-11-12,1,Paid Search,google,cpc,campaign_01,18,1,10.0,USD
SP000020,2021-11-13,1,Paid Search,google,cpc,campaign_01,79,4,10.0,USD
SP000021,2021-11-14,1,Paid Search,google,cpc,campaign_01,85,5,12.37,USD
SP000022,2021-11-15,1,Paid Search,google,cpc,campaign_01,41,2,10.0,USD
SP000023,2021-11-16,1,Paid Search,google,cpc,campaign_01,78,4,10.0,USD
SP000024,2021-11-17,1,Paid Search,google,cpc,campaign_01,54,3,10.0,USD
SP000025,2021-11-18,1,Paid Search,google,cpc,campaign_01,117,7,13.8,USD
SP000026,2021-11-19,1,Paid Search,google,cpc,campaign_01,85,5,10.0,USD
SP000027,2021-11-20,1,Paid Search,google,cpc,campaign_01,53,3,10.0,USD
SP000028,2021-11-21,1,Paid Search,google,cpc,campaign_01,64,3,10.0,USD
SP000029,2021-11-22,1,Paid Search,google,cpc,campaign_01,76,4,10.0,USD
SP000030,2021-11-23,1,Paid Search,google,cpc,campaign_01,37,2,10.0,USD
SP000031,2021-11-24,1,Paid Search,google,cpc,campaign_01,100,5,11.06,USD
SP000032,2021-11-25,1,Paid Search,google,cpc,campaign_01,87,4,10.0,USD
SP000033,2021-11-26,1,Paid Search,google,cpc,campaign_01,54,3,10.0,USD
SP000034,2021-10-24,2,Email,email,email,campaign_02,83,4,10.0,USD
SP000035,2021-10-25,2,Email,email,email,campaign_02,46,2,10.0,USD
SP000036,2021-10-26,2,Email,email,email,campaign_02,82,4,10.0,USD
SP000037,2021-10-27,2,Email,email,email,campaign_02,153,6,10.0,USD
SP000038,2021-10-28,2,Email,email,email,campaign_02,147,6,10.0,USD
SP000039,2021-10-29,2,Email,email,email,campaign_02,66,3,10.0,USD
SP000040,2021-10-30,2,Email,email,email,campaign_02,116,5,10.0,USD
SP000041,2021-10-31,2,Email,email,email,campaign_02,21,1,10.0,USD
SP000042,2021-11-01,2,Email,email,email,campaign_02,106,5,10.0,USD
SP000043,2021-11-02,2,Email,email,email,campaign_02,208,9,10.0,USD
SP000044,2021-11-03,2,Email,email,email,campaign_02,76,3,10.0,USD
SP000045,2021-11-04,2,Email,email,email,campaign_02,93,4,10.0,USD
SP000046,2021-11-05,2,Email,email,email,campaign_02,42,2,10.0,USD
SP000047,2021-11-06,2,Email,email,email,campaign_02,83,4,10.0,USD
SP000048,2021-11-07,2,Email,email,email,campaign_02,93,4,10.0,USD
SP000049,2021-11-08,2,Email,email,email,campaign_02,53,2,10.0,USD
SP000050,2021-11-09,2,Email,email,email,campaign_02,77,3,10.0,USD
SP000051,2021-11-10,2,Email,email,email,campaign_02,43,2,10.0,USD
SP000052,2021-11-11,2,Email,email,email,campaign_02,192,9,10.0,USD
SP000053,2021-11-12,2,Email,email,email,campaign_02,24,1,10.0,USD
SP000054,2021-11-13,2,Email,email,email,campaign_02,44,2,10.0,USD
SP000055,2021-11-14,2,Email,email,email,campaign_02,65,3,10.0,USD
SP000056,2021-11-15,2,Email,email,email,campaign_02,115,6,10.0,USD
SP000057,2021-11-16,2,Email,email,email,campaign_02,50,2,10.0,USD
SP000058,2021-11-17,2,Email,email,email,campaign_02,109,5,10.0,USD
SP000059,2021-11-18,2,Email,email,email,campaign_02,62,3,44.56,USD
SP000060,2021-11-19,2,Email,email,email,campaign_02,39,2,10.0,USD
SP000061,2021-11-20,2,Email,email,email,campaign_02,119,5,10.0,USD
SP000062,2021-11-21,2,Email,email,email,campaign_02,116,5,10.0,USD
SP000063,2021-11-22,2,Email,email,email,campaign_02,63,3,10.0,USD
SP000064,2021-11-23,2,Email,email,email,campaign_02,104,4,10.0,USD
SP000065,2021-11-24,2,Email,email,email,campaign_02,43,2,10.0,USD
SP000066,2021-11-25,2,Email,email,email,campaign_02,56,3,10.0,USD
SP000067,2021-11-26,2,Email,email,email,campaign_02,64,3,10.0,USD
SP000068,2021-11-27,2,Email,email,email,campaign_02,113,4,10.0,USD
SP000069,2021-11-28,2,Email,email,email,campaign_02,169,7,10.0,USD
SP000070,2021-11-29,2,Email,email,email,campaign_02,24,1,10.0,USD
SP000071,2021-11-30,2,Email,email,email,campaign_02,40,2,10.0,USD
SP000072,2021-12-01,2,Email,email,email,campaign_02,45,2,10.0,USD
SP000073,2021-12-02,2,Email,email,email,campaign_02,133,5,10.0,USD
SP000074,2021-12-03,2,Email,email,email,campaign_02,45,2,10.0,USD
SP000075,2021-12-04,2,Email,email,email,campaign_02,44,2,10.0,USD
SP000076,2021-12-05,2,Email,email,email,campaign_02,164,7,10.0,USD
SP000077,2021-12-06,2,Email,email,email,campaign_02,49,2,10.0,USD
SP000078,2021-12-07,2,Email,email,email,campaign_02,18,1,10.0,USD
SP000079,2021-12-08,2,Email,email,email,campaign_02,103,5,10.0,USD
SP000080,2021-12-09,2,Email,email,email,campaign_02,102,5,10.0,USD
SP000081,2021-12-10,2,Email,email,email,campaign_02,135,6,10.0,USD
SP000082,2021-12-11,2,Email,email,email,campaign_02,24,1,10.0,USD
SP000083,2021-12-12,2,Email,email,email,campaign_02,116,5,10.0,USD
SP000084,2021-12-13,2,Email,email,email,campaign_02,76,3,10.0,USD
SP000085,2021-12-14,2,Email,email,email,campaign_02,77,4,10.0,USD
SP000086,2021-12-15,2,Email,email,email,campaign_02,191,10,10.0,USD
SP000087,2021-12-16,2,Email,email,email,campaign_02,158,7,10.0,USD
SP000088,2021-12-17,2,Email,email,email,campaign_02,156,8,10.0,USD
SP000089,2021-12-18,2,Email,email,email,campaign_02,42,2,10.0,USD
SP000090,2021-12-19,2,Email,email,email,campaign_02,22,1,10.0,USD
SP000091,2021-12-20,2,Email,email,email,campaign_02,51,2,10.0,USD
SP000092,2021-12-21,2,Email,email,email,campaign_02,115,5,10.0,USD
SP000093,2021-12-22,2,Email,email,email,campaign_02,51,2,10.0,USD
SP000094,2021-12-23,2,Email,email,email,campaign_02,163,7,10.0,USD
SP000095,2021-12-24,2,Email,email,email,campaign_02,40,2,10.0,USD
SP000096,2023-10-08,3,Email,email,email,campaign_03,39,2,35.25,USD
SP000097,2023-10-09,3,Email,email,email,campaign_03,72,3,10.0,USD
SP000098,2023-10-10,3,Email,email,email,campaign_03,65,3,10.0,USD
SP000099,2023-10-11,3,Email,email,email,campaign_03,125,5,10.0,USD
SP000100,2023-10-12,3,Email,email,email,campaign_03,65,3,10.0,USD
SP000101,2023-10-13,3,Email,email,email,campaign_03,75,4,10.0,USD
SP000102,2023-10-14,3,Email,email,email,campaign_03,23,1,10.0,USD
SP000103,2023-10-15,3,Email,email,email,campaign_03,142,6,10.0,USD
SP000104,2023-10-16,3,Email,email,email,campaign_03,59,3,10.0,USD
SP000105,2023-10-17,3,Email,email,email,campaign_03,95,4,10.0,USD
SP000106,2023-10-18,3,Email,email,email,campaign_03,45,2,10.0,USD
SP000107,2023-10-19,3,Email,email,email,campaign_03,94,4,10.0,USD
SP000108,2023-10-20,3,Email,email,email,campaign_03,60,3,10.0,USD
SP000109,2023-10-21,3,Email,email,email,campaign_03,162,6,10.0,USD
SP000110,2023-10-22,3,Email,email,email,campaign_03,55,3,10.0,USD
SP000111,2023-10-23,3,Email,email,email,campaign_03,100,4,10.0,USD
SP000112,2023-10-24,3,Email,email,email,campaign_03,86,5,10.0,USD
SP000113,2023-10-25,3,Email,email,email,campaign_03,69,3,10.0,USD
SP000114,2023-10-26,3,Email,email,email,campaign_03,19,1,10.0,USD
SP000115,2023-10-27,3,Email,email,email,campaign_03,68,3,10.0,USD
SP000116,2023-10-28,3,Email,email,email,campaign_03,43,2,10.0,USD
SP000117,2023-10-29,3,Email,email,email,campaign_03,68,3,10.0,USD
SP000118,2023-10-30,3,Email,email,email,campaign_03,114,5,10.0,USD
SP000119,2023-10-31,3,Email,email,email,campaign_03,65,3,10.0,USD
SP000120,2023-11-01,3,Email,email,email,campaign_03,42,2,10.0,USD
SP000121,2023-11-02,3,Email,email,email,campaign_03,131,6,10.0,USD
SP000122,2023-11-03,3,Email,email,email,campaign_03,66,3,10.0,USD
SP000123,2023-11-04,3,Email,email,email,campaign_03,72,3,10.0,USD
SP000124,2023-11-05,3,Email,email,email,campaign_03,112,5,10.0,USD
SP000125,2023-11-06,3,Email,email,email,campaign_03,38,2,10.0,USD
SP000126,2023-11-07,3,Email,email,email,campaign_03,144,6,10.0,USD
SP000127,2023-11-08,3,Email,email,email,campaign_03,22,1,10.0,USD
SP000128,2023-11-09,3,Email,email,email,campaign_03,60,3,10.0,USD
SP000129,2023-11-10,3,Email,email,email,campaign_03,85,4,10.0,USD
SP000130,2023-11-11,3,Email,email,email,campaign_03,61,3,10.0,USD
SP000131,2023-11-12,3,Email,email,email,campaign_03,125,5,10.0,USD
SP000132,2023-11-13,3,Email,email,email,campaign_03,87,4,10.0,USD
SP000133,2023-11-14,3,Email,email,email,campaign_03,92,4,10.0,USD
SP000134,2023-11-15,3,Email,email,email,campaign_03,68,3,10.0,USD
SP000135,2023-11-16,3,Email,email,email,campaign_03,77,4,10.0,USD
SP000136,2023-11-17,3,Email,email,email,campaign_03,68,3,10.0,USD
SP000137,2023-11-18,3,Email,email,email,campaign_03,65,3,10.0,USD
SP000138,2023-11-19,3,Email,email,email,campaign_03,108,4,10.0,USD
SP000139,2023-11-20,3,Email,email,email,campaign_03,38,2,10.0,USD
SP000140,2023-11-21,3,Email,email,email,campaign_03,41,2,10.0,USD
SP000141,2023-11-22,3,Email,email,email,campaign_03,67,3,10.0,USD
SP000142,2023-11-23,3,Email,email,email,campaign_03,69,3,10.0,USD
SP000143,2023-11-24,3,Email,email,email,campaign_03,84,4,10.0,USD
SP000144,2023-11-25,3,Email,email,email,campaign_03,60,3,10.0,USD
SP000145,2023-11-26,3,Email,email,email,campaign_03,132,7,10.0,USD
SP000146,2023-11-27,3,Email,email,email,campaign_03,62,3,10.0,USD
SP000147,2023-11-28,3,Email,email,email,campaign_03,132,6,10.0,USD
SP000148,2023-11-29,3,Email,email,email,campaign_03,61,3,10.0,USD
SP000149,2023-11-30,3,Email,email,email,campaign_03,21,1,10.0,USD
SP000150,2022-07-25,4,Display,google_display,display,campaign_04,331,4,10.0,USD
SP000151,2022-07-26,4,Display,google_display,display,campaign_04,388,5,10.0,USD
SP000152,2022-07-27,4,Display,google_display,display,campaign_04,311,4,10.0,USD
SP000153,2022-07-28,4,Display,google_display,display,campaign_04,587,7,10.0,USD
SP000154,2022-07-29,4,Display,google_display,display,campaign_04,264,3,10.0,USD
SP000155,2022-07-30,4,Display,google_display,display,campaign_04,235,3,10.0,USD
SP000156,2022-07-31,4,Display,google_display,display,campaign_04,185,2,10.0,USD
SP000157,2022-08-01,4,Display,google_display,display,campaign_04,190,2,10.0,USD
SP000158,2022-08-02,4,Display,google_display,display,campaign_04,242,3,10.0,USD
SP000159,2022-08-03,4,Display,google_display,display,campaign_04,79,1,10.0,USD
SP000160,2022-08-04,4,Display,google_display,display,campaign_04,647,8,10.0,USD
SP000161,2022-08-05,4,Display,google_display,display,campaign_04,482,6,10.0,USD
SP000162,2022-08-06,4,Display,google_display,display,campaign_04,88,1,10.0,USD
SP000163,2022-08-07,4,Display,google_display,display,campaign_04,301,4,10.0,USD
SP000164,2022-08-08,4,Display,google_display,display,campaign_04,489,6,10.0,USD
SP000165,2022-08-09,4,Display,google_display,display,campaign_04,274,3,10.0,USD
SP000166,2022-08-10,4,Display,google_display,display,campaign_04,169,2,10.0,USD
SP000167,2022-08-11,4,Display,google_display,display,campaign_04,303,4,10.0,USD
SP000168,2022-08-12,4,Display,google_display,display,campaign_04,253,3,10.0,USD
SP000169,2022-08-13,4,Display,google_display,display,campaign_04,360,4,10.0,USD
SP000170,2022-08-14,4,Display,google_display,display,campaign_04,408,5,10.0,USD
SP000171,2022-08-15,4,Display,google_display,display,campaign_04,166,2,10.0,USD
SP000172,2022-08-16,4,Display,google_display,display,campaign_04,154,2,10.0,USD
SP000173,2022-08-17,4,Display,google_display,display,campaign_04,395,5,10.0,USD
SP000174,2022-08-18,4,Display,google_display,display,campaign_04,340,4,10.0,USD
SP000175,2022-08-19,4,Display,google_display,display,campaign_04,543,6,10.0,USD
SP000176,2022-08-20,4,Display,google_display,display,campaign_04,238,3,10.0,USD
SP000177,2022-08-21,4,Display,google_display,display,campaign_04,291,3,10.0,USD
SP000178,2022-08-22,4,Display,google_display,display,campaign_04,332,4,10.0,USD
SP000179,2022-08-23,4,Display,google_display,display,campaign_04,319,4,10.0,USD
SP000180,2022-08-24,4,Display,google_display,display,campaign_04,329,4,10.0,USD
SP000181,2022-08-25,4,Display,google_display,display,campaign_04,244,3,10.0,USD
SP000182,2022-08-26,4,Display,google_display,display,campaign_04,359,4,10.0,USD
SP000183,2022-08-27,4,Display,google_display,display,campaign_04,385,5,10.0,USD
SP000184,2022-08-28,4,Display,google_display,display,campaign_04,287,3,10.0,USD
SP000185,2022-08-29,4,Display,google_display,display,campaign_04,652,6,10.0,USD
SP000186,2022-08-30,4,Display,google_display,display,campaign_04,310,4,10.0,USD
SP000187,2022-08-31,4,Display,google_display,display,campaign_04,327,4,10.0,USD
SP000188,2022-09-01,4,Display,google_display,display,campaign_04,368,5,10.0,USD
SP000189,2022-09-02,4,Display,google_display,display,campaign_04,181,2,10.0,USD
SP000190,2022-09-03,4,Display,google_display,display,campaign_04,252,3,10.0,USD
SP000191,2022-09-04,4,Display,google_display,display,campaign_04,165,2,10.0,USD
SP000192,2022-09-05,4,Display,google_display,display,campaign_04,532,6,10.0,USD
SP000193,2022-09-06,4,Display,google_display,display,campaign_04,366,4,10.0,USD
SP000194,2022-09-07,4,Display,google_display,display,campaign_04,77,1,10.0,USD
SP000195,2022-09-08,4,Display,google_display,display,campaign_04,532,6,10.0,USD
SP000196,2022-09-09,4,Display,google_display,display,campaign_04,187,2,10.0,USD
SP000197,2022-09-10,4,Display,google_display,display,campaign_04,160,2,10.0,USD
SP000198,2022-09-11,4,Display,google_display,display,campaign_04,484,6,10.0,USD
SP000199,2022-09-12,4,Display,google_display,display,campaign_04,221,3,10.0,USD
SP000200,2022-09-13,4,Display,google_display,display,campaign_04,98,1,10.0,USD
SP000201,2022-09-14,4,Display,google_display,display,campaign_04,172,2,10.0,USD
SP000202,2022-09-15,4,Display,google_display,display,campaign_04,80,1,10.0,USD
SP000203,2022-09-16,4,Display,google_display,display,campaign_04,483,6,10.0,USD
SP000204,2022-09-17,4,Display,google_display,display,campaign_04,138,2,10.0,USD
SP000205,2022-09-18,4,Display,google_display,display,campaign_04,656,8,10.0,USD
SP000206,2022-09-19,4,Display,google_display,display,campaign_04,182,2,10.0,USD
SP000207,2022-09-20,4,Display,google_display,display,campaign_04,418,5,10.0,USD
SP000208,2022-09-21,4,Display,google_display,display,campaign_04,273,3,10.0,USD
SP000209,2022-09-22,4,Display,google_display,display,campaign_04,461,5,10.0,USD
SP000210,2022-09-23,4,Display,google_display,display,campaign_04,87,1,10.0,USD
SP000211,2022-09-24,4,Display,google_display,display,campaign_04,327,4,10.0,USD
SP000212,2022-09-25,4,Display,google_display,display,campaign_04,345,4,10.0,USD
SP000213,2022-09-26,4,Display,google_display,display,campaign_04,282,3,10.0,USD
SP000214,2022-09-27,4,Display,google_display,display,campaign_04,132,2,10.0,USD
SP000215,2022-09-28,4,Display,google_display,display,campaign_04,146,2,10.0,USD
SP000216,2022-09-29,4,Display,google_display,display,campaign_04,236,3,10.0,USD
SP000217,2022-09-30,4,Display,google_display,display,campaign_04,254,3,10.0,USD
SP000218,2022-10-01,4,Display,google_display,display,campaign_04,399,5,10.0,USD
SP000219,2022-10-02,4,Display,google_display,display,campaign_04,234,3,10.0,USD
SP000220,2022-10-03,4,Display,google_display,display,campaign_04,723,9,10.0,USD
SP000221,2022-10-04,4,Display,google_display,display,campaign_04,159,2,10.0,USD
SP000222,2022-10-05,4,Display,google_display,display,campaign_04,152,2,10.0,USD
SP000223,2022-10-06,4,Display,google_display,display,campaign_04,172,2,10.0,USD
SP000224,2022-10-07,4,Display,google_display,display,campaign_04,588,6,10.0,USD
SP000225,2022-07-09,5,Social,meta,paid_social,campaign_05,79,3,10.0,USD
SP000226,2022-07-10,5,Social,meta,paid_social,campaign_05,67,2,10.0,USD
SP000227,2022-07-11,5,Social,meta,paid_social,campaign_05,121,4,10.0,USD
SP000228,2022-07-12,5,Social,meta,paid_social,campaign_05,137,5,10.0,USD
SP000229,2022-07-13,5,Social,meta,paid_social,campaign_05,82,3,10.0,USD
SP000230,2022-07-14,5,Social,meta,paid_social,campaign_05,147,5,10.0,USD
SP000231,2022-07-15,5,Social,meta,paid_social,campaign_05,58,2,10.0,USD
SP000232,2022-07-16,5,Social,meta,paid_social,campaign_05,55,2,10.0,USD
SP000233,2022-07-17,5,Social,meta,paid_social,campaign_05,92,3,10.0,USD
SP000234,2022-07-18,5,Social,meta,paid_social,campaign_05,49,2,10.0,USD
SP000235,2022-07-19,5,Social,meta,paid_social,campaign_05,125,4,10.0,USD
SP000236,2022-07-20,5,Social,meta,paid_social,campaign_05,175,6,10.0,USD
SP000237,2022-07-21,5,Social,meta,paid_social,campaign_05,149,5,10.0,USD
SP000238,2022-07-22,5,Social,meta,paid_social,campaign_05,56,2,10.0,USD
SP000239,2022-07-23,5,Social,meta,paid_social,campaign_05,25,1,10.0,USD
SP000240,2022-07-24,5,Social,meta,paid_social,campaign_05,126,4,10.0,USD
SP000241,2022-07-25,5,Social,meta,paid_social,campaign_05,55,2,10.0,USD
SP000242,2022-07-26,5,Social,meta,paid_social,campaign_05,134,5,10.0,USD
SP000243,2022-07-27,5,Social,meta,paid_social,campaign_05,286,9,10.64,USD
SP000244,2022-07-28,5,Social,meta,paid_social,campaign_05,80,3,10.0,USD
SP000245,2022-07-29,5,Social,meta,paid_social,campaign_05,27,1,10.0,USD
SP000246,2022-07-30,5,Social,meta,paid_social,campaign_05,47,2,10.0,USD
SP000247,2022-07-31,5,Social,meta,paid_social,campaign_05,118,4,10.0,USD
SP000248,2022-08-01,5,Social,meta,paid_social,campaign_05,223,7,10.0,USD
SP000249,2022-08-02,5,Social,meta,paid_social,campaign_05,232,8,10.64,USD
SP000250,2022-08-03,5,Social,meta,paid_social,campaign_05,27,1,10.0,USD
SP000251,2022-08-04,5,Social,meta,paid_social,campaign_05,100,3,10.0,USD
SP000252,2022-08-05,5,Social,meta,paid_social,campaign_05,419,15,20.18,USD
SP000253,2022-08-06,5,Social,meta,paid_social,campaign_05,195,6,10.0,USD
SP000254,2022-08-07,5,Social,meta,paid_social,campaign_05,24,1,10.0,USD
SP000255,2022-08-08,5,Social,meta,paid_social,campaign_05,149,5,10.0,USD
SP000256,2022-08-09,5,Social,meta,paid_social,campaign_05,131,4,10.0,USD
SP000257,2022-08-10,5,Social,meta,paid_social,campaign_05,211,7,10.0,USD
SP000258,2022-08-11,5,Social,meta,paid_social,campaign_05,28,1,10.0,USD
SP000259,2022-08-12,5,Social,meta,paid_social,campaign_05,54,2,10.0,USD
SP000260,2022-08-13,5,Social,meta,paid_social,campaign_05,51,2,10.0,USD
SP000261,2022-08-14,5,Social,meta,paid_social,campaign_05,31,1,10.0,USD
SP000262,2022-08-15,5,Social,meta,paid_social,campaign_05,53,2,10.0,USD
SP000263,2022-08-16,5,Social,meta,paid_social,campaign_05,137,4,10.0,USD
SP000264,2022-08-17,5,Social,meta,paid_social,campaign_05,127,4,10.0,USD
SP000265,2022-08-18,5,Social,meta,paid_social,campaign_05,33,1,10.0,USD
SP000266,2022-08-19,5,Social,meta,paid_social,campaign_05,31,1,10.0,USD
SP000267,2022-08-20,5,Social,meta,paid_social,campaign_05,80,3,10.0,USD
SP000268,2022-08-21,5,Social,meta,paid_social,campaign_05,122,4,10.0,USD
SP000269,2022-08-22,5,Social,meta,paid_social,campaign_05,120,4,10.0,USD
SP000270,2022-08-23,5,Social,meta,paid_social,campaign_05,111,4,10.0,USD
SP000271,2022-08-24,5,Social,meta,paid_social,campaign_05,55,2,10.0,USD
SP000272,2022-08-25,5,Social,meta,paid_social,campaign_05,268,9,11.09,USD
SP000273,2022-08-26,5,Social,meta,paid_social,campaign_05,128,4,10.0,USD
SP000274,2022-08-27,5,Social,meta,paid_social,campaign_05,172,7,10.0,USD
SP000275,2022-08-28,5,Social,meta,paid_social,campaign_05,60,2,10.0,USD
SP000276,2022-08-29,5,Social,meta,paid_social,campaign_05,88,3,10.0,USD
SP000277,2022-08-30,5,Social,meta,paid_social,campaign_05,175,6,10.0,USD
SP000278,2022-08-31,5,Social,meta,paid_social,campaign_05,108,4,10.0,USD
SP000279,2022-09-01,5,Social,meta,paid_social,campaign_05,134,4,10.0,USD
SP000280,2022-09-02,5,Social,meta,paid_social,campaign_05,24,1,10.0,USD
SP000281,2022-09-03,5,Social,meta,paid_social,campaign_05,30,1,10.0,USD
SP000282,2022-09-04,5,Social,meta,paid_social,campaign_05,108,4,10.0,USD
SP000283,2022-09-05,5,Social,meta,paid_social,campaign_05,98,3,10.0,USD
SP000284,2022-09-06,5,Social,meta,paid_social,campaign_05,84,3,10.0,USD
SP000285,2022-09-07,5,Social,meta,paid_social,campaign_05,48,2,10.0,USD
SP000286,2022-09-08,5,Social,meta,paid_social,campaign_05,49,2,10.0,USD
SP000287,2022-09-09,5,Social,meta,paid_social,campaign_05,27,1,10.0,USD
SP000288,2022-09-10,5,Social,meta,paid_social,campaign_05,94,3,10.0,USD
SP000289,2022-09-11,5,Social,meta,paid_social,campaign_05,127,5,10.0,USD
SP000290,2022-09-12,5,Social,meta,paid_social,campaign_05,34,1,10.0,USD
SP000291,2022-09-13,5,Social,meta,paid_social,campaign_05,188,6,10.0,USD
SP000292,2022-09-14,5,Social,meta,paid_social,campaign_05,202,7,10.0,USD
SP000293,2022-09-15,5,Social,meta,paid_social,campaign_05,136,4,10.0,USD
SP000294,2022-09-16,5,Social,meta,paid_social,campaign_05,151,5,10.0,USD
SP000295,2022-09-17,5,Social,meta,paid_social,campaign_05,79,3,10.0,USD
SP000296,2022-09-18,5,Social,meta,paid_social,campaign_05,154,5,10.0,USD
SP000297,2022-09-19,5,Social,meta,paid_social,campaign_05,132,5,10.0,USD
SP000298,2022-09-20,5,Social,meta,paid_social,campaign_05,23,1,10.0,USD
SP000299,2022-09-21,5,Social,meta,paid_social,campaign_05,83,3,10.0,USD
SP000300,2022-09-22,5,Social,meta,paid_social,campaign_05,106,4,10.0,USD
SP000301,2022-09-23,5,Social,meta,paid_social,campaign_05,25,1,10.0,USD
SP000302,2022-09-24,5,Social,meta,paid_social,campaign_05,239,8,10.0,USD
SP000303,2022-09-25,5,Social,meta,paid_social,campaign_05,132,5,10.0,USD
SP000304,2022-09-26,5,Social,meta,paid_social,campaign_05,30,1,10.0,USD
SP000305,2022-09-27,5,Social,meta,paid_social,campaign_05,83,3,10.0,USD
SP000306,2022-09-28,5,Social,meta,paid_social,campaign_05,104,4,10.0,USD
SP000307,2022-09-29,5,Social,meta,paid_social,campaign_05,62,2,10.0,USD
SP000308,2021-10-20,6,Affiliate,affiliate_network,affiliate,campaign_06,279,6,10.0,USD
SP000309,2021-10-21,6,Affiliate,affiliate_network,affiliate,campaign_06,197,5,10.0,USD
SP000310,2021-10-22,6,Affiliate,affiliate_network,affiliate,campaign_06,32,1,10.0,USD
SP000311,2021-10-23,6,Affiliate,affiliate_network,affiliate,campaign_06,40,1,10.0,USD
SP000312,2021-10-24,6,Affiliate,affiliate_network,affiliate,campaign_06,32,1,10.0,USD
SP000313,2021-10-25,6,Affiliate,affiliate_network,affiliate,campaign_06,79,2,10.0,USD
SP000314,2021-10-26,6,Affiliate,affiliate_network,affiliate,campaign_06,73,2,10.0,USD
SP000315,2021-10-27,6,Affiliate,affiliate_network,affiliate,campaign_06,179,5,10.0,USD
SP000316,2021-10-28,6,Affiliate,affiliate_network,affiliate,campaign_06,159,4,10.0,USD
SP000317,2021-10-29,6,Affiliate,affiliate_network,affiliate,campaign_06,109,3,10.0,USD
SP000318,2021-10-30,6,Affiliate,affiliate_network,affiliate,campaign_06,127,3,10.0,USD
SP000319,2021-10-31,6,Affiliate,affiliate_network,affiliate,campaign_06,265,8,10.05,USD
SP000320,2021-11-01,6,Affiliate,affiliate_network,affiliate,campaign_06,80,2,10.0,USD
SP000321,2021-11-02,6,Affiliate,affiliate_network,affiliate,campaign_06,36,1,10.0,USD
SP000322,2021-11-03,6,Affiliate,affiliate_network,affiliate,campaign_06,36,1,10.0,USD
SP000323,2021-11-04,6,Affiliate,affiliate_network,affiliate,campaign_06,105,3,10.0,USD
SP000324,2021-11-05,6,Affiliate,affiliate_network,affiliate,campaign_06,231,7,10.0,USD
SP000325,2021-11-06,6,Affiliate,affiliate_network,affiliate,campaign_06,184,4,10.0,USD
SP000326,2021-11-07,6,Affiliate,affiliate_network,affiliate,campaign_06,96,3,10.0,USD
SP000327,2021-11-08,6,Affiliate,affiliate_network,affiliate,campaign_06,88,2,10.0,USD
SP000328,2021-11-09,6,Affiliate,affiliate_network,affiliate,campaign_06,131,4,10.0,USD
SP000329,2021-11-10,6,Affiliate,affiliate_network,affiliate,campaign_06,68,2,10.0,USD
SP000330,2021-11-11,6,Affiliate,affiliate_network,affiliate,campaign_06,157,4,10.0,USD
SP000331,2021-11-12,6,Affiliate,affiliate_network,affiliate,campaign_06,37,1,10.0,USD
SP000332,2021-11-13,6,Affiliate,affiliate_network,affiliate,campaign_06,30,1,10.0,USD
SP000333,2021-11-14,6,Affiliate,affiliate_network,affiliate,campaign_06,96,3,10.0,USD
SP000334,2021-11-15,6,Affiliate,affiliate_network,affiliate,campaign_06,132,4,10.0,USD
SP000335,2021-11-16,6,Affiliate,affiliate_network,affiliate,campaign_06,68,2,10.0,USD
SP000336,2021-11-17,6,Affiliate,affiliate_network,affiliate,campaign_06,101,3,10.0,USD
SP000337,2021-11-18,6,Affiliate,affiliate_network,affiliate,campaign_06,168,5,10.0,USD
SP000338,2021-11-19,6,Affiliate,affiliate_network,affiliate,campaign_06,43,1,10.0,USD
SP000339,2021-11-20,6,Affiliate,affiliate_network,affiliate,campaign_06,38,1,10.0,USD
SP000340,2021-11-21,6,Affiliate,affiliate_network,affiliate,campaign_06,31,1,10.0,USD
SP000341,2021-11-22,6,Affiliate,affiliate_network,affiliate,campaign_06,94,3,10.0,USD
SP000342,2021-11-23,6,Affiliate,affiliate_network,affiliate,campaign_06,126,4,10.0,USD
SP000343,2021-11-24,6,Affiliate,affiliate_network,affiliate,campaign_06,245,7,10.95,USD
SP000344,2021-11-25,6,Affiliate,affiliate_network,affiliate,campaign_06,275,8,11.8,USD
SP000345,2021-11-26,6,Affiliate,affiliate_network,affiliate,campaign_06,82,2,10.0,USD
SP000346,2021-11-27,6,Affiliate,affiliate_network,affiliate,campaign_06,180,5,10.0,USD
SP000347,2021-11-28,6,Affiliate,affiliate_network,affiliate,campaign_06,98,3,10.0,USD
SP000348,2021-11-29,6,Affiliate,affiliate_network,affiliate,campaign_06,105,3,10.0,USD
SP000349,2021-11-30,6,Affiliate,affiliate_network,affiliate,campaign_06,36,1,10.0,USD
SP000350,2021-12-01,6,Affiliate,affiliate_network,affiliate,campaign_06,73,2,10.0,USD
SP000351,2021-12-02,6,Affiliate,affiliate_network,affiliate,campaign_06,41,1,10.0,USD
SP000352,2021-12-03,6,Affiliate,affiliate_network,affiliate,campaign_06,103,3,10.0,USD
SP000353,2023-07-02,7,Paid Search,google,cpc,campaign_07,37,2,10.0,USD
SP000354,2023-07-03,7,Paid Search,google,cpc,campaign_07,33,2,10.0,USD
SP000355,2023-07-04,7,Paid Search,google,cpc,campaign_07,54,3,10.0,USD
SP000356,2023-07-05,7,Paid Search,google,cpc,campaign_07,102,5,10.79,USD
SP000357,2023-07-06,7,Paid Search,google,cpc,campaign_07,70,4,10.0,USD
SP000358,2023-07-07,7,Paid Search,google,cpc,campaign_07,33,2,10.0,USD
SP000359,2023-07-08,7,Paid Search,google,cpc,campaign_07,104,5,10.87,USD
SP000360,2023-07-09,7,Paid Search,google,cpc,campaign_07,53,3,10.0,USD
SP000361,2023-07-10,7,Paid Search,google,cpc,campaign_07,96,5,11.24,USD
SP000362,2023-07-11,7,Paid Search,google,cpc,campaign_07,57,3,10.0,USD
SP000363,2023-07-12,7,Paid Search,google,cpc,campaign_07,88,5,10.78,USD
SP000364,2023-07-13,7,Paid Search,google,cpc,campaign_07,89,5,10.0,USD
SP000365,2023-07-14,7,Paid Search,google,cpc,campaign_07,144,7,14.0,USD
SP000366,2023-07-15,7,Paid Search,google,cpc,campaign_07,64,4,10.0,USD
SP000367,2023-07-16,7,Paid Search,google,cpc,campaign_07,53,3,10.0,USD
SP000368,2023-07-17,7,Paid Search,google,cpc,campaign_07,46,2,10.0,USD
SP000369,2023-07-18,7,Paid Search,google,cpc,campaign_07,175,11,26.51,USD
SP000370,2023-07-19,7,Paid Search,google,cpc,campaign_07,56,3,10.0,USD
SP000371,2023-07-20,7,Paid Search,google,cpc,campaign_07,145,8,19.14,USD
SP000372,2023-07-21,7,Paid Search,google,cpc,campaign_07,18,1,10.0,USD
SP000373,2023-07-22,7,Paid Search,google,cpc,campaign_07,88,5,11.56,USD
SP000374,2023-07-23,7,Paid Search,google,cpc,campaign_07,117,7,15.17,USD
SP000375,2023-07-24,7,Paid Search,google,cpc,campaign_07,83,5,12.75,USD
SP000376,2023-07-25,7,Paid Search,google,cpc,campaign_07,57,3,10.0,USD
SP000377,2023-07-26,7,Paid Search,google,cpc,campaign_07,36,2,10.0,USD
SP000378,2023-07-27,7,Paid Search,google,cpc,campaign_07,18,1,10.0,USD
SP000379,2023-07-28,7,Paid Search,google,cpc,campaign_07,105,6,12.7,USD
SP000380,2023-07-29,7,Paid Search,google,cpc,campaign_07,17,1,10.0,USD
SP000381,2023-07-30,7,Paid Search,google,cpc,campaign_07,42,2,10.0,USD
SP000382,2023-07-31,7,Paid Search,google,cpc,campaign_07,72,4,10.0,USD
SP000383,2023-08-01,7,Paid Search,google,cpc,campaign_07,50,3,10.0,USD
SP000384,2023-08-02,7,Paid Search,google,cpc,campaign_07,19,1,10.0,USD
SP000385,2023-08-03,7,Paid Search,google,cpc,campaign_07,91,5,10.0,USD
SP000386,2023-08-04,7,Paid Search,google,cpc,campaign_07,40,2,10.0,USD
SP000387,2023-08-05,7,Paid Search,google,cpc,campaign_07,108,6,13.38,USD
SP000388,2023-08-06,7,Paid Search,google,cpc,campaign_07,23,1,10.0,USD
SP000389,2023-08-07,7,Paid Search,google,cpc,campaign_07,56,3,10.0,USD
SP000390,2023-08-08,7,Paid Search,google,cpc,campaign_07,55,3,10.0,USD
SP000391,2023-08-09,7,Paid Search,google,cpc,campaign_07,66,4,10.33,USD
SP000392,2023-08-10,7,Paid Search,google,cpc,campaign_07,110,5,11.59,USD
SP000393,2021-08-23,8,Paid Search,google,cpc,campaign_08,77,4,10.0,USD
SP000394,2021-08-24,8,Paid Search,google,cpc,campaign_08,18,1,10.0,USD
SP000395,2021-08-25,8,Paid Search,google,cpc,campaign_08,49,3,10.0,USD
SP000396,2021-08-26,8,Paid Search,google,cpc,campaign_08,40,2,10.0,USD
SP000397,2021-08-27,8,Paid Search,google,cpc,campaign_08,107,5,10.82,USD
SP000398,2021-08-28,8,Paid Search,google,cpc,campaign_08,18,1,10.0,USD
SP000399,2021-08-29,8,Paid Search,google,cpc,campaign_08,16,1,10.0,USD
SP000400,2021-08-30,8,Paid Search,google,cpc,campaign_08,45,3,10.0,USD
SP000401,2021-08-31,8,Paid Search,google,cpc,campaign_08,83,4,10.0,USD
SP000402,2021-09-01,8,Paid Search,google,cpc,campaign_08,61,3,10.0,USD
SP000403,2021-09-02,8,Paid Search,google,cpc,campaign_08,87,5,10.98,USD
SP000404,2021-09-03,8,Paid Search,google,cpc,campaign_08,39,2,10.0,USD
SP000405,2021-09-04,8,Paid Search,google,cpc,campaign_08,65,4,10.02,USD
SP000406,2021-09-05,8,Paid Search,google,cpc,campaign_08,60,3,10.0,USD
SP000407,2021-09-06,8,Paid Search,google,cpc,campaign_08,16,1,10.0,USD
SP000408,2021-09-07,8,Paid Search,google,cpc,campaign_08,19,1,10.0,USD
SP000409,2021-09-08,8,Paid Search,google,cpc,campaign_08,90,5,12.17,USD
SP000410,2021-09-09,8,Paid Search,google,cpc,campaign_08,55,3,10.0,USD
SP000411,2021-09-10,8,Paid Search,google,cpc,campaign_08,74,4,10.0,USD
SP000412,2021-09-11,8,Paid Search,google,cpc,campaign_08,37,2,10.0,USD
SP000413,2021-09-12,8,Paid Search,google,cpc,campaign_08,91,5,12.81,USD
SP000414,2021-09-13,8,Paid Search,google,cpc,campaign_08,49,3,10.0,USD
SP000415,2021-09-14,8,Paid Search,google,cpc,campaign_08,67,4,10.14,USD
SP000416,2021-09-15,8,Paid Search,google,cpc,campaign_08,134,8,18.49,USD
SP000417,2021-09-16,8,Paid Search,google,cpc,campaign_08,49,3,10.0,USD
SP000418,2021-09-17,8,Paid Search,google,cpc,campaign_08,57,3,10.0,USD
SP000419,2021-09-18,8,Paid Search,google,cpc,campaign_08,129,5,12.32,USD
SP000420,2021-09-19,8,Paid Search,google,cpc,campaign_08,86,3,10.0,USD
SP000421,2021-09-20,8,Paid Search,google,cpc,campaign_08,17,1,10.0,USD
SP000422,2021-09-21,8,Paid Search,google,cpc,campaign_08,62,3,10.0,USD
SP000423,2021-09-22,8,Paid Search,google,cpc,campaign_08,96,6,14.68,USD
SP000424,2021-09-23,8,Paid Search,google,cpc,campaign_08,89,6,14.49,USD
SP000425,2021-09-24,8,Paid Search,google,cpc,campaign_08,87,5,10.12,USD
SP000426,2021-09-25,8,Paid Search,google,cpc,campaign_08,90,5,10.94,USD
SP000427,2021-09-26,8,Paid Search,google,cpc,campaign_08,129,7,13.1,USD
SP000428,2021-09-27,8,Paid Search,google,cpc,campaign_08,168,8,16.59,USD
SP000429,2021-09-28,8,Paid Search,google,cpc,campaign_08,59,3,10.0,USD
SP000430,2021-09-29,8,Paid Search,google,cpc,campaign_08,54,3,10.0,USD
SP000431,2021-09-30,8,Paid Search,google,cpc,campaign_08,129,7,15.09,USD
SP000432,2023-10-09,9,Social,meta,paid_social,campaign_09,27,1,10.0,USD
SP000433,2023-10-10,9,Social,meta,paid_social,campaign_09,159,5,10.0,USD
SP000434,2023-10-11,9,Social,meta,paid_social,campaign_09,179,6,10.0,USD
SP000435,2023-10-12,9,Social,meta,paid_social,campaign_09,137,5,10.0,USD
SP000436,2023-10-13,9,Social,meta,paid_social,campaign_09,67,2,10.0,USD
SP000437,2023-10-14,9,Social,meta,paid_social,campaign_09,80,3,10.0,USD
SP000438,2023-10-15,9,Social,meta,paid_social,campaign_09,27,1,10.0,USD
SP000439,2023-10-16,9,Social,meta,paid_social,campaign_09,111,4,10.0,USD
SP000440,2023-10-17,9,Social,meta,paid_social,campaign_09,81,3,10.0,USD
SP000441,2023-10-18,9,Social,meta,paid_social,campaign_09,120,4,10.0,USD
SP000442,2023-10-19,9,Social,meta,paid_social,campaign_09,50,2,10.0,USD
SP000443,2023-10-20,9,Social,meta,paid_social,campaign_09,101,4,10.0,USD
SP000444,2023-10-21,9,Social,meta,paid_social,campaign_09,83,3,10.0,USD
SP000445,2023-10-22,9,Social,meta,paid_social,campaign_09,198,7,10.0,USD
SP000446,2023-10-23,9,Social,meta,paid_social,campaign_09,53,2,10.0,USD
SP000447,2023-10-24,9,Social,meta,paid_social,campaign_09,31,1,10.0,USD
SP000448,2023-10-25,9,Social,meta,paid_social,campaign_09,54,2,10.0,USD
SP000449,2023-10-26,9,Social,meta,paid_social,campaign_09,83,3,10.0,USD
SP000450,2023-10-27,9,Social,meta,paid_social,campaign_09,89,3,10.0,USD
SP000451,2023-10-28,9,Social,meta,paid_social,campaign_09,165,6,10.0,USD
SP000452,2023-10-29,9,Social,meta,paid_social,campaign_09,75,3,10.0,USD
SP000453,2023-10-30,9,Social,meta,paid_social,campaign_09,103,3,10.0,USD
SP000454,2023-10-31,9,Social,meta,paid_social,campaign_09,159,5,10.0,USD
SP000455,2023-11-01,9,Social,meta,paid_social,campaign_09,29,1,10.0,USD
SP000456,2023-11-02,9,Social,meta,paid_social,campaign_09,54,2,10.0,USD
SP000457,2023-11-03,9,Social,meta,paid_social,campaign_09,362,12,15.72,USD
SP000458,2023-11-04,9,Social,meta,paid_social,campaign_09,78,3,10.0,USD
SP000459,2023-11-05,9,Social,meta,paid_social,campaign_09,79,3,10.0,USD
SP000460,2023-11-06,9,Social,meta,paid_social,campaign_09,190,6,10.0,USD
SP000461,2023-11-07,9,Social,meta,paid_social,campaign_09,27,1,10.0,USD
SP000462,2023-11-08,9,Social,meta,paid_social,campaign_09,62,2,10.0,USD
SP000463,2023-11-09,9,Social,meta,paid_social,campaign_09,151,5,10.0,USD
SP000464,2023-11-10,9,Social,meta,paid_social,campaign_09,63,2,10.0,USD
SP000465,2023-11-11,9,Social,meta,paid_social,campaign_09,65,2,10.0,USD
SP000466,2023-11-12,9,Social,meta,paid_social,campaign_09,141,5,10.0,USD
SP000467,2023-11-13,9,Social,meta,paid_social,campaign_09,133,4,10.0,USD
SP000468,2023-11-14,9,Social,meta,paid_social,campaign_09,56,2,10.0,USD
SP000469,2023-11-15,9,Social,meta,paid_social,campaign_09,56,2,10.0,USD
SP000470,2023-11-16,9,Social,meta,paid_social,campaign_09,58,2,10.0,USD
SP000471,2023-11-17,9,Social,meta,paid_social,campaign_09,120,4,10.0,USD
SP000472,2023-11-18,9,Social,meta,paid_social,campaign_09,31,1,10.0,USD
SP000473,2023-11-19,9,Social,meta,paid_social,campaign_09,160,5,10.0,USD
SP000474,2023-11-20,9,Social,meta,paid_social,campaign_09,125,5,10.0,USD
SP000475,2023-11-21,9,Social,meta,paid_social,campaign_09,87,3,10.0,USD
SP000476,2023-11-22,9,Social,meta,paid_social,campaign_09,88,3,10.0,USD
SP000477,2023-11-23,9,Social,meta,paid_social,campaign_09,126,4,10.0,USD
SP000478,2023-11-24,9,Social,meta,paid_social,campaign_09,151,6,10.0,USD
SP000479,2023-11-25,9,Social,meta,paid_social,campaign_09,121,4,10.0,USD
SP000480,2023-11-26,9,Social,meta,paid_social,campaign_09,84,3,10.0,USD
SP000481,2023-11-27,9,Social,meta,paid_social,campaign_09,82,3,10.0,USD
SP000482,2023-11-28,9,Social,meta,paid_social,campaign_09,85,3,10.0,USD
SP000483,2023-11-29,9,Social,meta,paid_social,campaign_09,100,3,10.0,USD
SP000484,2023-11-30,9,Social,meta,paid_social,campaign_09,188,7,10.0,USD
SP000485,2023-12-01,9,Social,meta,paid_social,campaign_09,91,3,10.0,USD
SP000486,2023-12-02,9,Social,meta,paid_social,campaign_09,159,6,10.0,USD
SP000487,2023-12-03,9,Social,meta,paid_social,campaign_09,92,3,10.0,USD
SP000488,2023-12-04,9,Social,meta,paid_social,campaign_09,29,1,10.0,USD
SP000489,2023-12-05,9,Social,meta,paid_social,campaign_09,54,2,10.0,USD
SP000490,2023-12-06,9,Social,meta,paid_social,campaign_09,102,4,10.0,USD
SP000491,2023-12-07,9,Social,meta,paid_social,campaign_09,188,7,10.0,USD
SP000492,2023-12-08,9,Social,meta,paid_social,campaign_09,109,4,10.0,USD
SP000493,2023-12-09,9,Social,meta,paid_social,campaign_09,134,5,10.0,USD
SP000494,2023-12-10,9,Social,meta,paid_social,campaign_09,124,4,10.0,USD
SP000495,2023-12-11,9,Social,meta,paid_social,campaign_09,53,2,10.0,USD
SP000496,2023-12-12,9,Social,meta,paid_social,campaign_09,29,1,10.0,USD
SP000497,2023-12-13,9,Social,meta,paid_social,campaign_09,59,2,10.0,USD
SP000498,2023-12-14,9,Social,meta,paid_social,campaign_09,57,2,10.0,USD
SP000499,2023-12-15,9,Social,meta,paid_social,campaign_09,89,3,10.0,USD
SP000500,2023-12-16,9,Social,meta,paid_social,campaign_09,127,4,10.0,USD
SP000501,2023-12-17,9,Social,meta,paid_social,campaign_09,86,3,10.0,USD
SP000502,2023-12-18,9,Social,meta,paid_social,campaign_09,176,6,10.0,USD
SP000503,2023-12-19,9,Social,meta,paid_social,campaign_09,59,2,10.0,USD
SP000504,2023-12-20,9,Social,meta,paid_social,campaign_09,173,6,10.0,USD
SP000505,2023-12-21,9,Social,meta,paid_social,campaign_09,145,4,10.0,USD
SP000506,2023-12-22,9,Social,meta,paid_social,campaign_09,117,4,10.0,USD
SP000507,2023-12-23,9,Social,meta,paid_social,campaign_09,100,4,10.0,USD
SP000508,2023-12-24,9,Social,meta,paid_social,campaign_09,25,1,10.0,USD
SP000509,2023-12-25,9,Social,meta,paid_social,campaign_09,171,6,10.0,USD
SP000510,2023-12-26,9,Social,meta,paid_social,campaign_09,57,2,10.0,USD
SP000511,2023-12-27,9,Social,meta,paid_social,campaign_09,74,2,10.0,USD
SP000512,2023-12-28,9,Social,meta,paid_social,campaign_09,30,1,10.0,USD
SP000513,2023-12-29,9,Social,meta,paid_social,campaign_09,134,5,10.0,USD
SP000514,2023-12-30,9,Social,meta,paid_social,campaign_09,30,1,10.0,USD
SP000515,2022-09-01,10,Email,email,email,campaign_10,101,5,10.0,USD
SP000516,2022-09-02,10,Email,email,email,campaign_10,101,5,10.0,USD
SP000517,2022-09-03,10,Email,email,email,campaign_10,71,3,10.0,USD
SP000518,2022-09-04,10,Email,email,email,campaign_10,154,7,10.0,USD
SP000519,2022-09-05,10,Email,email,email,campaign_10,58,3,10.0,USD
SP000520,2022-09-06,10,Email,email,email,campaign_10,104,4,10.0,USD
SP000521,2022-09-07,10,Email,email,email,campaign_10,23,1,10.0,USD
SP000522,2022-09-08,10,Email,email,email,campaign_10,78,3,10.0,USD
SP000523,2022-09-09,10,Email,email,email,campaign_10,146,6,10.0,USD
SP000524,2022-09-10,10,Email,email,email,campaign_10,19,1,10.0,USD
SP000525,2022-09-11,10,Email,email,email,campaign_10,171,8,10.0,USD
SP000526,2022-09-12,10,Email,email,email,campaign_10,26,1,10.0,USD
SP000527,2022-09-13,10,Email,email,email,campaign_10,72,3,10.0,USD
SP000528,2022-09-14,10,Email,email,email,campaign_10,111,5,10.0,USD
SP000529,2022-09-15,10,Email,email,email,campaign_10,92,4,10.0,USD
SP000530,2022-09-16,10,Email,email,email,campaign_10,42,2,10.0,USD
SP000531,2022-09-17,10,Email,email,email,campaign_10,77,4,10.0,USD
SP000532,2022-09-18,10,Email,email,email,campaign_10,91,4,10.0,USD
SP000533,2022-09-19,10,Email,email,email,campaign_10,93,5,10.0,USD
SP000534,2022-09-20,10,Email,email,email,campaign_10,51,2,10.0,USD
SP000535,2022-09-21,10,Email,email,email,campaign_10,58,3,10.0,USD
SP000536,2022-09-22,10,Email,email,email,campaign_10,51,2,10.0,USD
SP000537,2022-09-23,10,Email,email,email,campaign_10,107,5,10.0,USD
SP000538,2022-09-24,10,Email,email,email,campaign_10,48,2,10.0,USD
SP000539,2022-09-25,10,Email,email,email,campaign_10,96,4,10.0,USD
SP000540,2022-09-26,10,Email,email,email,campaign_10,163,9,10.0,USD
SP000541,2022-09-27,10,Email,email,email,campaign_10,143,7,10.0,USD
SP000542,2022-09-28,10,Email,email,email,campaign_10,113,5,10.0,USD
SP000543,2022-09-29,10,Email,email,email,campaign_10,212,7,10.0,USD
SP000544,2022-09-30,10,Email,email,email,campaign_10,81,3,10.0,USD
SP000545,2022-10-01,10,Email,email,email,campaign_10,278,11,10.0,USD
SP000546,2022-10-02,10,Email,email,email,campaign_10,89,4,10.0,USD
SP000547,2022-10-03,10,Email,email,email,campaign_10,107,5,10.0,USD
SP000548,2022-10-04,10,Email,email,email,campaign_10,49,2,10.0,USD
SP000549,2022-10-05,10,Email,email,email,campaign_10,104,5,10.0,USD
SP000550,2022-10-06,10,Email,email,email,campaign_10,189,9,10.0,USD
SP000551,2022-10-07,10,Email,email,email,campaign_10,141,6,10.0,USD
SP000552,2022-10-08,10,Email,email,email,campaign_10,50,2,10.0,USD
SP000553,2022-10-09,10,Email,email,email,campaign_10,29,1,10.0,USD
SP000554,2022-10-10,10,Email,email,email,campaign_10,86,4,10.0,USD
SP000555,2022-10-11,10,Email,email,email,campaign_10,66,3,10.0,USD
SP000556,2022-10-12,10,Email,email,email,campaign_10,63,3,10.0,USD
SP000557,2022-10-13,10,Email,email,email,campaign_10,259,12,10.0,USD
SP000558,2022-10-14,10,Email,email,email,campaign_10,47,2,10.0,USD
SP000559,2022-10-15,10,Email,email,email,campaign_10,134,6,10.0,USD
SP000560,2022-10-16,10,Email,email,email,campaign_10,47,2,10.0,USD
SP000561,2022-10-17,10,Email,email,email,campaign_10,22,1,10.0,USD
SP000562,2022-10-18,10,Email,email,email,campaign_10,93,4,10.0,USD
SP000563,2022-10-19,10,Email,email,email,campaign_10,22,1,10.0,USD
SP000564,2022-10-20,10,Email,email,email,campaign_10,146,7,10.0,USD
SP000565,2022-10-21,10,Email,email,email,campaign_10,63,3,10.0,USD
SP000566,2022-10-22,10,Email,email,email,campaign_10,116,6,10.0,USD
SP000567,2022-11-02,11,Affiliate,affiliate_network,affiliate,campaign_11,92,3,10.0,USD
SP000568,2022-11-03,11,Affiliate,affiliate_network,affiliate,campaign_11,183,5,10.0,USD
SP000569,2022-11-04,11,Affiliate,affiliate_network,affiliate,campaign_11,182,4,10.0,USD
SP000570,2022-11-05,11,Affiliate,affiliate_network,affiliate,campaign_11,66,2,10.0,USD
SP000571,2022-11-06,11,Affiliate,affiliate_network,affiliate,campaign_11,174,5,10.0,USD
SP000572,2022-11-07,11,Affiliate,affiliate_network,affiliate,campaign_11,179,5,10.0,USD
SP000573,2022-11-08,11,Affiliate,affiliate_network,affiliate,campaign_11,575,12,19.45,USD
SP000574,2022-11-09,11,Affiliate,affiliate_network,affiliate,campaign_11,33,1,10.0,USD
SP000575,2022-11-10,11,Affiliate,affiliate_network,affiliate,campaign_11,272,9,11.2,USD
SP000576,2022-11-11,11,Affiliate,affiliate_network,affiliate,campaign_11,69,2,10.0,USD
SP000577,2022-11-12,11,Affiliate,affiliate_network,affiliate,campaign_11,160,5,10.0,USD
SP000578,2022-11-13,11,Affiliate,affiliate_network,affiliate,campaign_11,114,3,10.0,USD
SP000579,2022-11-14,11,Affiliate,affiliate_network,affiliate,campaign_11,127,3,10.0,USD
SP000580,2022-11-15,11,Affiliate,affiliate_network,affiliate,campaign_11,197,6,10.0,USD
SP000581,2022-11-16,11,Affiliate,affiliate_network,affiliate,campaign_11,34,1,10.0,USD
SP000582,2022-11-17,11,Affiliate,affiliate_network,affiliate,campaign_11,226,6,10.25,USD
SP000583,2022-11-18,11,Affiliate,affiliate_network,affiliate,campaign_11,174,6,10.0,USD
SP000584,2022-11-19,11,Affiliate,affiliate_network,affiliate,campaign_11,39,1,10.0,USD
SP000585,2022-11-20,11,Affiliate,affiliate_network,affiliate,campaign_11,36,1,10.0,USD
SP000586,2022-11-21,11,Affiliate,affiliate_network,affiliate,campaign_11,68,2,10.0,USD
SP000587,2022-11-22,11,Affiliate,affiliate_network,affiliate,campaign_11,103,3,10.0,USD
SP000588,2022-11-23,11,Affiliate,affiliate_network,affiliate,campaign_11,102,3,10.0,USD
SP000589,2022-11-24,11,Affiliate,affiliate_network,affiliate,campaign_11,188,5,10.0,USD
SP000590,2022-11-25,11,Affiliate,affiliate_network,affiliate,campaign_11,147,4,10.0,USD
SP000591,2022-11-26,11,Affiliate,affiliate_network,affiliate,campaign_11,229,7,11.87,USD
SP000592,2022-11-27,11,Affiliate,affiliate_network,affiliate,campaign_11,99,3,10.0,USD
SP000593,2022-11-28,11,Affiliate,affiliate_network,affiliate,campaign_11,172,5,10.0,USD
SP000594,2022-11-29,11,Affiliate,affiliate_network,affiliate,campaign_11,95,3,10.0,USD
SP000595,2022-11-30,11,Affiliate,affiliate_network,affiliate,campaign_11,163,5,10.0,USD
SP000596,2022-12-01,11,Affiliate,affiliate_network,affiliate,campaign_11,165,5,10.0,USD
SP000597,2022-12-02,11,Affiliate,affiliate_network,affiliate,campaign_11,340,8,10.35,USD
SP000598,2022-12-03,11,Affiliate,affiliate_network,affiliate,campaign_11,69,2,10.0,USD
SP000599,2022-12-04,11,Affiliate,affiliate_network,affiliate,campaign_11,140,4,10.0,USD
SP000600,2022-12-05,11,Affiliate,affiliate_network,affiliate,campaign_11,31,1,10.0,USD
SP000601,2022-12-06,11,Affiliate,affiliate_network,affiliate,campaign_11,50,1,10.0,USD
SP000602,2022-12-07,11,Affiliate,affiliate_network,affiliate,campaign_11,218,6,10.0,USD
SP000603,2022-12-08,11,Affiliate,affiliate_network,affiliate,campaign_11,35,1,10.0,USD
SP000604,2022-12-09,11,Affiliate,affiliate_network,affiliate,campaign_11,80,2,10.0,USD
SP000605,2022-12-10,11,Affiliate,affiliate_network,affiliate,campaign_11,79,2,10.0,USD
SP000606,2022-12-11,11,Affiliate,affiliate_network,affiliate,campaign_11,93,3,10.0,USD
SP000607,2022-12-12,11,Affiliate,affiliate_network,affiliate,campaign_11,102,3,10.0,USD
SP000608,2022-12-13,11,Affiliate,affiliate_network,affiliate,campaign_11,90,3,10.0,USD
SP000609,2022-12-14,11,Affiliate,affiliate_network,affiliate,campaign_11,109,3,10.0,USD
SP000610,2022-12-15,11,Affiliate,affiliate_network,affiliate,campaign_11,249,6,10.0,USD
SP000611,2022-12-16,11,Affiliate,affiliate_network,affiliate,campaign_11,37,1,10.0,USD
SP000612,2022-12-17,11,Affiliate,affiliate_network,affiliate,campaign_11,113,3,10.0,USD
SP000613,2022-12-18,11,Affiliate,affiliate_network,affiliate,campaign_11,134,4,10.0,USD
SP000614,2022-12-19,11,Affiliate,affiliate_network,affiliate,campaign_11,67,2,10.0,USD
SP000615,2022-12-20,11,Affiliate,affiliate_network,affiliate,campaign_11,170,5,10.0,USD
SP000616,2022-12-21,11,Affiliate,affiliate_network,affiliate,campaign_11,117,4,10.0,USD
SP000617,2022-12-22,11,Affiliate,affiliate_network,affiliate,campaign_11,95,3,10.0,USD
SP000618,2022-12-23,11,Affiliate,affiliate_network,affiliate,campaign_11,117,3,10.0,USD
SP000619,2022-12-24,11,Affiliate,affiliate_network,affiliate,campaign_11,32,1,10.0,USD
SP000620,2022-12-25,11,Affiliate,affiliate_network,affiliate,campaign_11,107,3,10.0,USD
SP000621,2022-12-26,11,Affiliate,affiliate_network,affiliate,campaign_11,182,5,10.0,USD
SP000622,2022-12-27,11,Affiliate,affiliate_network,affiliate,campaign_11,94,3,10.0,USD
SP000623,2022-12-28,11,Affiliate,affiliate_network,affiliate,campaign_11,118,3,10.0,USD
SP000624,2022-12-29,11,Affiliate,affiliate_network,affiliate,campaign_11,262,8,12.62,USD
SP000625,2022-12-30,11,Affiliate,affiliate_network,affiliate,campaign_11,66,2,10.0,USD
SP000626,2022-12-31,11,Affiliate,affiliate_network,affiliate,campaign_11,118,3,10.0,USD
SP000627,2023-01-01,11,Affiliate,affiliate_network,affiliate,campaign_11,213,5,10.0,USD
SP000628,2023-01-02,11,Affiliate,affiliate_network,affiliate,campaign_11,144,4,10.0,USD
SP000629,2023-01-03,11,Affiliate,affiliate_network,affiliate,campaign_11,355,7,10.26,USD
SP000630,2023-01-04,11,Affiliate,affiliate_network,affiliate,campaign_11,32,1,10.0,USD
SP000631,2023-01-05,11,Affiliate,affiliate_network,affiliate,campaign_11,172,5,10.0,USD
SP000632,2023-01-06,11,Affiliate,affiliate_network,affiliate,campaign_11,62,2,10.0,USD
SP000633,2023-01-07,11,Affiliate,affiliate_network,affiliate,campaign_11,35,1,10.0,USD
SP000634,2023-01-08,11,Affiliate,affiliate_network,affiliate,campaign_11,62,2,10.0,USD
SP000635,2023-01-09,11,Affiliate,affiliate_network,affiliate,campaign_11,152,4,10.0,USD
SP000636,2023-01-10,11,Affiliate,affiliate_network,affiliate,campaign_11,136,4,10.0,USD
SP000637,2023-01-11,11,Affiliate,affiliate_network,affiliate,campaign_11,149,4,10.0,USD
SP000638,2023-01-12,11,Affiliate,affiliate_network,affiliate,campaign_11,72,2,10.0,USD
SP000639,2023-01-13,11,Affiliate,affiliate_network,affiliate,campaign_11,177,5,10.0,USD
SP000640,2023-01-14,11,Affiliate,affiliate_network,affiliate,campaign_11,172,5,10.0,USD
SP000641,2021-01-20,12,Email,email,email,campaign_12,120,5,10.0,USD
SP000642,2021-01-21,12,Email,email,email,campaign_12,42,2,10.0,USD
SP000643,2021-01-22,12,Email,email,email,campaign_12,89,4,10.0,USD
SP000644,2021-01-23,12,Email,email,email,campaign_12,77,3,10.0,USD
SP000645,2021-01-24,12,Email,email,email,campaign_12,54,2,10.0,USD
SP000646,2021-01-25,12,Email,email,email,campaign_12,100,5,10.0,USD
SP000647,2021-01-26,12,Email,email,email,campaign_12,115,4,10.0,USD
SP000648,2021-01-27,12,Email,email,email,campaign_12,23,1,10.0,USD
SP000649,2021-01-28,12,Email,email,email,campaign_12,156,6,10.0,USD
SP000650,2021-01-29,12,Email,email,email,campaign_12,76,4,10.0,USD
SP000651,2021-01-30,12,Email,email,email,campaign_12,126,6,10.0,USD
SP000652,2021-01-31,12,Email,email,email,campaign_12,108,5,10.0,USD
SP000653,2021-02-01,12,Email,email,email,campaign_12,48,2,10.0,USD
SP000654,2021-02-02,12,Email,email,email,campaign_12,103,4,10.0,USD
SP000655,2021-02-03,12,Email,email,email,campaign_12,44,2,10.0,USD
SP000656,2021-02-04,12,Email,email,email,campaign_12,89,4,10.0,USD
SP000657,2021-02-05,12,Email,email,email,campaign_12,100,4,10.0,USD
SP000658,2021-02-06,12,Email,email,email,campaign_12,75,3,10.0,USD
SP000659,2021-02-07,12,Email,email,email,campaign_12,50,2,10.0,USD
SP000660,2021-02-08,12,Email,email,email,campaign_12,76,3,10.0,USD
SP000661,2021-02-09,12,Email,email,email,campaign_12,95,4,10.0,USD
SP000662,2021-02-10,12,Email,email,email,campaign_12,65,3,10.0,USD
SP000663,2021-02-11,12,Email,email,email,campaign_12,21,1,10.0,USD
SP000664,2021-02-12,12,Email,email,email,campaign_12,201,9,10.0,USD
SP000665,2021-02-13,12,Email,email,email,campaign_12,22,1,10.0,USD
SP000666,2021-02-14,12,Email,email,email,campaign_12,63,3,10.0,USD
SP000667,2021-02-15,12,Email,email,email,campaign_12,83,3,10.0,USD
SP000668,2021-02-16,12,Email,email,email,campaign_12,44,2,10.0,USD
SP000669,2021-02-17,12,Email,email,email,campaign_12,39,2,10.0,USD
SP000670,2021-02-18,12,Email,email,email,campaign_12,28,1,10.0,USD
SP000671,2021-02-19,12,Email,email,email,campaign_12,170,6,10.0,USD
SP000672,2021-02-20,12,Email,email,email,campaign_12,84,4,10.0,USD
SP000673,2021-02-21,12,Email,email,email,campaign_12,40,2,10.0,USD
SP000674,2022-03-19,13,Display,google_display,display,campaign_13,208,3,10.0,USD
SP000675,2022-03-20,13,Display,google_display,display,campaign_13,233,3,10.0,USD
SP000676,2022-03-21,13,Display,google_display,display,campaign_13,368,4,10.0,USD
SP000677,2022-03-22,13,Display,google_display,display,campaign_13,86,1,10.0,USD
SP000678,2022-03-23,13,Display,google_display,display,campaign_13,407,5,10.0,USD
SP000679,2022-03-24,13,Display,google_display,display,campaign_13,220,3,10.0,USD
SP000680,2022-03-25,13,Display,google_display,display,campaign_13,304,3,10.0,USD
SP000681,2022-03-26,13,Display,google_display,display,campaign_13,158,2,10.0,USD
SP000682,2022-03-27,13,Display,google_display,display,campaign_13,494,5,10.0,USD
SP000683,2022-03-28,13,Display,google_display,display,campaign_13,88,1,10.0,USD
SP000684,2022-03-29,13,Display,google_display,display,campaign_13,483,5,10.0,USD
SP000685,2022-03-30,13,Display,google_display,display,campaign_13,449,5,10.0,USD
SP000686,2022-03-31,13,Display,google_display,display,campaign_13,231,3,10.0,USD
SP000687,2022-04-01,13,Display,google_display,display,campaign_13,748,9,10.0,USD
SP000688,2022-04-02,13,Display,google_display,display,campaign_13,161,2,10.0,USD
SP000689,2022-04-03,13,Display,google_display,display,campaign_13,390,4,10.0,USD
SP000690,2022-04-04,13,Display,google_display,display,campaign_13,166,2,10.0,USD
SP000691,2022-04-05,13,Display,google_display,display,campaign_13,214,2,10.0,USD
SP000692,2022-04-06,13,Display,google_display,display,campaign_13,372,5,10.0,USD
SP000693,2022-04-07,13,Display,google_display,display,campaign_13,316,4,10.0,USD
SP000694,2022-04-08,13,Display,google_display,display,campaign_13,169,2,10.0,USD
SP000695,2022-04-09,13,Display,google_display,display,campaign_13,544,5,10.0,USD
SP000696,2022-04-10,13,Display,google_display,display,campaign_13,185,2,10.0,USD
SP000697,2022-04-11,13,Display,google_display,display,campaign_13,290,3,10.0,USD
SP000698,2022-04-12,13,Display,google_display,display,campaign_13,170,2,10.0,USD
SP000699,2022-04-13,13,Display,google_display,display,campaign_13,482,6,10.0,USD
SP000700,2022-04-14,13,Display,google_display,display,campaign_13,484,6,10.0,USD
SP000701,2022-04-15,13,Display,google_display,display,campaign_13,360,5,10.0,USD
SP000702,2022-04-16,13,Display,google_display,display,campaign_13,168,2,10.0,USD
SP000703,2022-04-17,13,Display,google_display,display,campaign_13,222,3,10.0,USD
SP000704,2022-04-18,13,Display,google_display,display,campaign_13,86,1,10.0,USD
SP000705,2022-04-19,13,Display,google_display,display,campaign_13,238,3,10.0,USD
SP000706,2022-04-20,13,Display,google_display,display,campaign_13,341,4,10.0,USD
SP000707,2022-04-21,13,Display,google_display,display,campaign_13,162,2,10.0,USD
SP000708,2022-04-22,13,Display,google_display,display,campaign_13,251,3,10.0,USD
SP000709,2022-04-23,13,Display,google_display,display,campaign_13,89,1,10.0,USD
SP000710,2022-04-24,13,Display,google_display,display,campaign_13,258,4,10.0,USD
SP000711,2022-04-25,13,Display,google_display,display,campaign_13,81,1,10.0,USD
SP000712,2022-04-26,13,Display,google_display,display,campaign_13,158,2,10.0,USD
SP000713,2022-04-27,13,Display,google_display,display,campaign_13,232,3,10.0,USD
SP000714,2022-04-28,13,Display,google_display,display,campaign_13,245,3,10.0,USD
SP000715,2022-04-29,13,Display,google_display,display,campaign_13,435,4,10.0,USD
SP000716,2022-04-30,13,Display,google_display,display,campaign_13,402,5,10.0,USD
SP000717,2022-05-01,13,Display,google_display,display,campaign_13,285,3,10.0,USD
SP000718,2022-05-02,13,Display,google_display,display,campaign_13,329,4,10.0,USD
SP000719,2022-05-03,13,Display,google_display,display,campaign_13,324,4,10.0,USD
SP000720,2022-05-04,13,Display,google_display,display,campaign_13,405,4,10.0,USD
SP000721,2022-05-05,13,Display,google_display,display,campaign_13,333,4,10.0,USD
SP000722,2022-05-06,13,Display,google_display,display,campaign_13,98,1,10.0,USD
SP000723,2022-05-07,13,Display,google_display,display,campaign_13,330,3,10.0,USD
SP000724,2022-05-08,13,Display,google_display,display,campaign_13,196,2,10.0,USD
SP000725,2022-05-09,13,Display,google_display,display,campaign_13,675,8,10.0,USD
SP000726,2022-05-10,13,Display,google_display,display,campaign_13,255,3,10.0,USD
SP000727,2022-05-11,13,Display,google_display,display,campaign_13,614,7,10.0,USD
SP000728,2022-05-12,13,Display,google_display,display,campaign_13,395,5,10.0,USD
SP000729,2022-05-13,13,Display,google_display,display,campaign_13,341,4,10.0,USD
SP000730,2022-05-14,13,Display,google_display,display,campaign_13,241,3,10.0,USD
SP000731,2022-05-15,13,Display,google_display,display,campaign_13,78,1,10.0,USD
SP000732,2022-05-16,13,Display,google_display,display,campaign_13,404,6,10.0,USD
SP000733,2022-05-17,13,Display,google_display,display,campaign_13,168,2,10.0,USD
SP000734,2022-05-18,13,Display,google_display,display,campaign_13,223,3,10.0,USD
SP000735,2022-05-19,13,Display,google_display,display,campaign_13,163,2,10.0,USD
SP000736,2022-05-20,13,Display,google_display,display,campaign_13,486,6,10.0,USD
SP000737,2022-05-21,13,Display,google_display,display,campaign_13,336,4,10.0,USD
SP000738,2022-05-22,13,Display,google_display,display,campaign_13,164,2,10.0,USD
SP000739,2022-05-23,13,Display,google_display,display,campaign_13,171,2,10.0,USD
SP000740,2022-05-24,13,Display,google_display,display,campaign_13,379,5,10.0,USD
SP000741,2022-05-25,13,Display,google_display,display,campaign_13,359,4,10.0,USD
SP000742,2022-05-26,13,Display,google_display,display,campaign_13,392,4,10.0,USD
SP000743,2022-05-27,13,Display,google_display,display,campaign_13,440,5,10.0,USD
SP000744,2022-05-28,13,Display,google_display,display,campaign_13,178,2,10.0,USD
SP000745,2022-05-29,13,Display,google_display,display,campaign_13,352,4,10.0,USD
SP000746,2022-05-30,13,Display,google_display,display,campaign_13,254,3,10.0,USD
SP000747,2022-05-31,13,Display,google_display,display,campaign_13,616,7,10.0,USD
SP000748,2022-06-01,13,Display,google_display,display,campaign_13,508,6,10.0,USD
SP000749,2022-06-02,13,Display,google_display,display,campaign_13,264,3,10.0,USD
SP000750,2022-06-03,13,Display,google_display,display,campaign_13,320,4,10.0,USD
SP000751,2022-06-04,13,Display,google_display,display,campaign_13,135,2,10.0,USD
SP000752,2022-06-05,13,Display,google_display,display,campaign_13,163,2,10.0,USD
SP000753,2022-06-06,13,Display,google_display,display,campaign_13,351,4,10.0,USD
SP000754,2022-06-07,13,Display,google_display,display,campaign_13,1086,10,10.0,USD
SP000755,2022-06-08,13,Display,google_display,display,campaign_13,70,1,10.0,USD
SP000756,2022-06-09,13,Display,google_display,display,campaign_13,162,2,10.0,USD
SP000757,2022-09-20,14,Email,email,email,campaign_14,68,3,10.0,USD
SP000758,2022-09-21,14,Email,email,email,campaign_14,144,5,10.0,USD
SP000759,2022-09-22,14,Email,email,email,campaign_14,112,5,10.0,USD
SP000760,2022-09-23,14,Email,email,email,campaign_14,44,2,10.0,USD
SP000761,2022-09-24,14,Email,email,email,campaign_14,47,2,10.0,USD
SP000762,2022-09-25,14,Email,email,email,campaign_14,77,3,10.0,USD
SP000763,2022-09-26,14,Email,email,email,campaign_14,103,4,10.0,USD
SP000764,2022-09-27,14,Email,email,email,campaign_14,37,2,10.0,USD
SP000765,2022-09-28,14,Email,email,email,campaign_14,66,3,10.0,USD
SP000766,2022-09-29,14,Email,email,email,campaign_14,277,12,10.0,USD
SP000767,2022-04-29,15,Social,meta,paid_social,campaign_15,54,2,10.0,USD
SP000768,2022-04-30,15,Social,meta,paid_social,campaign_15,80,3,10.0,USD
SP000769,2022-05-01,15,Social,meta,paid_social,campaign_15,152,5,10.0,USD
SP000770,2022-05-02,15,Social,meta,paid_social,campaign_15,210,7,10.0,USD
SP000771,2022-05-03,15,Social,meta,paid_social,campaign_15,62,2,10.0,USD
SP000772,2022-05-04,15,Social,meta,paid_social,campaign_15,61,2,10.0,USD
SP000773,2022-05-05,15,Social,meta,paid_social,campaign_15,51,2,10.0,USD
SP000774,2022-05-06,15,Social,meta,paid_social,campaign_15,98,4,10.0,USD
SP000775,2022-05-07,15,Social,meta,paid_social,campaign_15,191,6,10.0,USD
SP000776,2022-05-08,15,Social,meta,paid_social,campaign_15,162,5,10.0,USD
SP000777,2022-05-09,15,Social,meta,paid_social,campaign_15,91,3,10.0,USD
SP000778,2022-05-10,15,Social,meta,paid_social,campaign_15,96,3,10.0,USD
SP000779,2023-08-10,16,Email,email,email,campaign_16,101,4,10.0,USD
SP000780,2023-08-11,16,Email,email,email,campaign_16,24,1,10.0,USD
SP000781,2023-08-12,16,Email,email,email,campaign_16,23,1,10.0,USD
SP000782,2023-08-13,16,Email,email,email,campaign_16,153,6,10.0,USD
SP000783,2023-08-14,16,Email,email,email,campaign_16,40,2,10.0,USD
SP000784,2023-08-15,16,Email,email,email,campaign_16,128,5,10.0,USD
SP000785,2023-08-16,16,Email,email,email,campaign_16,125,5,10.0,USD
SP000786,2023-08-17,16,Email,email,email,campaign_16,103,5,10.0,USD
SP000787,2023-08-18,16,Email,email,email,campaign_16,29,1,10.0,USD
SP000788,2023-08-19,16,Email,email,email,campaign_16,62,3,10.0,USD
SP000789,2023-08-20,16,Email,email,email,campaign_16,100,5,10.0,USD
SP000790,2023-08-21,16,Email,email,email,campaign_16,108,5,10.0,USD
SP000791,2023-08-22,16,Email,email,email,campaign_16,27,1,10.0,USD
SP000792,2023-08-23,16,Email,email,email,campaign_16,43,2,10.0,USD
SP000793,2023-08-24,16,Email,email,email,campaign_16,136,5,10.0,USD
SP000794,2023-08-25,16,Email,email,email,campaign_16,191,9,10.0,USD
SP000795,2023-08-26,16,Email,email,email,campaign_16,22,1,10.0,USD
SP000796,2023-08-27,16,Email,email,email,campaign_16,83,3,10.0,USD
SP000797,2023-08-28,16,Email,email,email,campaign_16,65,3,10.0,USD
SP000798,2023-08-29,16,Email,email,email,campaign_16,44,2,10.0,USD
SP000799,2023-08-30,16,Email,email,email,campaign_16,83,4,10.0,USD
SP000800,2023-08-31,16,Email,email,email,campaign_16,42,2,10.0,USD
SP000801,2023-09-01,16,Email,email,email,campaign_16,197,7,10.0,USD
SP000802,2023-09-02,16,Email,email,email,campaign_16,119,6,10.0,USD
SP000803,2023-09-03,16,Email,email,email,campaign_16,49,2,10.0,USD
SP000804,2023-09-04,16,Email,email,email,campaign_16,61,3,10.0,USD
SP000805,2023-09-05,16,Email,email,email,campaign_16,73,3,10.0,USD
SP000806,2023-09-06,16,Email,email,email,campaign_16,165,8,10.0,USD
SP000807,2023-09-07,16,Email,email,email,campaign_16,75,3,10.0,USD
SP000808,2023-09-08,16,Email,email,email,campaign_16,42,2,10.0,USD
SP000809,2023-09-09,16,Email,email,email,campaign_16,87,4,10.0,USD
SP000810,2023-09-10,16,Email,email,email,campaign_16,58,3,10.0,USD
SP000811,2023-09-11,16,Email,email,email,campaign_16,118,5,10.0,USD
SP000812,2023-09-12,16,Email,email,email,campaign_16,61,3,10.0,USD
SP000813,2023-09-13,16,Email,email,email,campaign_16,77,3,10.0,USD
SP000814,2023-09-14,16,Email,email,email,campaign_16,66,3,10.0,USD
SP000815,2023-09-15,16,Email,email,email,campaign_16,46,2,10.0,USD
SP000816,2023-09-16,16,Email,email,email,campaign_16,71,3,10.0,USD
SP000817,2023-09-17,16,Email,email,email,campaign_16,115,5,10.0,USD
SP000818,2023-09-18,16,Email,email,email,campaign_16,64,3,10.0,USD
SP000819,2023-09-19,16,Email,email,email,campaign_16,121,6,10.0,USD
SP000820,2023-09-20,16,Email,email,email,campaign_16,88,4,10.0,USD
SP000821,2023-09-21,16,Email,email,email,campaign_16,42,2,10.0,USD
SP000822,2023-09-22,16,Email,email,email,campaign_16,43,2,10.0,USD
SP000823,2023-09-23,16,Email,email,email,campaign_16,94,4,10.0,USD
SP000824,2023-09-24,16,Email,email,email,campaign_16,76,3,10.0,USD
SP000825,2023-09-25,16,Email,email,email,campaign_16,109,4,10.0,USD
SP000826,2023-09-26,16,Email,email,email,campaign_16,94,5,10.0,USD
SP000827,2023-09-27,16,Email,email,email,campaign_16,133,5,10.0,USD
SP000828,2023-09-28,16,Email,email,email,campaign_16,39,2,10.0,USD
SP000829,2023-09-29,16,Email,email,email,campaign_16,66,3,10.0,USD
SP000830,2023-09-30,16,Email,email,email,campaign_16,22,1,10.0,USD
SP000831,2023-10-01,16,Email,email,email,campaign_16,109,5,10.0,USD
SP000832,2023-10-02,16,Email,email,email,campaign_16,126,6,10.0,USD
SP000833,2023-10-03,16,Email,email,email,campaign_16,24,1,10.0,USD
SP000834,2023-10-04,16,Email,email,email,campaign_16,85,3,10.0,USD
SP000835,2023-10-05,16,Email,email,email,campaign_16,94,4,10.0,USD
SP000836,2023-10-06,16,Email,email,email,campaign_16,43,2,10.0,USD
SP000837,2023-10-07,16,Email,email,email,campaign_16,75,3,10.0,USD
SP000838,2023-10-08,16,Email,email,email,campaign_16,100,5,10.0,USD
SP000839,2023-10-09,16,Email,email,email,campaign_16,45,2,10.0,USD
SP000840,2023-10-10,16,Email,email,email,campaign_16,75,3,10.0,USD
SP000841,2023-10-11,16,Email,email,email,campaign_16,88,4,10.0,USD
SP000842,2023-10-12,16,Email,email,email,campaign_16,85,4,10.0,USD
SP000843,2023-10-13,16,Email,email,email,campaign_16,127,6,10.0,USD
SP000844,2023-10-14,16,Email,email,email,campaign_16,125,4,10.0,USD
SP000845,2023-10-15,16,Email,email,email,campaign_16,64,2,10.0,USD
SP000846,2023-04-05,17,Display,google_display,display,campaign_17,227,3,10.0,USD
SP000847,2023-04-06,17,Display,google_display,display,campaign_17,293,3,10.0,USD
SP000848,2023-04-07,17,Display,google_display,display,campaign_17,227,3,10.0,USD
SP000849,2023-04-08,17,Display,google_display,display,campaign_17,374,5,10.0,USD
SP000850,2023-04-09,17,Display,google_display,display,campaign_17,378,4,10.0,USD
SP000851,2023-04-10,17,Display,google_display,display,campaign_17,278,3,10.0,USD
SP000852,2023-04-11,17,Display,google_display,display,campaign_17,544,7,10.0,USD
SP000853,2023-04-12,17,Display,google_display,display,campaign_17,87,1,10.0,USD
SP000854,2023-04-13,17,Display,google_display,display,campaign_17,295,4,10.0,USD
SP000855,2023-04-14,17,Display,google_display,display,campaign_17,72,1,10.0,USD
SP000856,2023-04-15,17,Display,google_display,display,campaign_17,377,4,10.0,USD
SP000857,2023-04-16,17,Display,google_display,display,campaign_17,730,8,10.0,USD
SP000858,2023-04-17,17,Display,google_display,display,campaign_17,249,3,10.0,USD
SP000859,2023-04-18,17,Display,google_display,display,campaign_17,203,2,10.0,USD
SP000860,2023-04-19,17,Display,google_display,display,campaign_17,245,3,10.0,USD
SP000861,2023-04-20,17,Display,google_display,display,campaign_17,153,2,10.0,USD
SP000862,2023-04-21,17,Display,google_display,display,campaign_17,257,3,10.0,USD
SP000863,2023-04-22,17,Display,google_display,display,campaign_17,82,1,10.0,USD
SP000864,2023-04-23,17,Display,google_display,display,campaign_17,171,2,10.0,USD
SP000865,2023-04-24,17,Display,google_display,display,campaign_17,450,5,10.0,USD
SP000866,2022-10-09,18,Affiliate,affiliate_network,affiliate,campaign_18,105,3,10.0,USD
SP000867,2022-10-10,18,Affiliate,affiliate_network,affiliate,campaign_18,149,4,10.0,USD
SP000868,2022-10-11,18,Affiliate,affiliate_network,affiliate,campaign_18,219,6,10.0,USD
SP000869,2022-10-12,18,Affiliate,affiliate_network,affiliate,campaign_18,106,3,10.0,USD
SP000870,2022-10-13,18,Affiliate,affiliate_network,affiliate,campaign_18,82,2,10.0,USD
SP000871,2022-10-14,18,Affiliate,affiliate_network,affiliate,campaign_18,176,4,10.0,USD
SP000872,2022-10-15,18,Affiliate,affiliate_network,affiliate,campaign_18,123,4,10.0,USD
SP000873,2022-10-16,18,Affiliate,affiliate_network,affiliate,campaign_18,211,6,10.0,USD
SP000874,2022-10-17,18,Affiliate,affiliate_network,affiliate,campaign_18,107,3,10.0,USD
SP000875,2022-10-18,18,Affiliate,affiliate_network,affiliate,campaign_18,78,2,10.0,USD
SP000876,2022-10-19,18,Affiliate,affiliate_network,affiliate,campaign_18,210,6,10.0,USD
SP000877,2022-10-20,18,Affiliate,affiliate_network,affiliate,campaign_18,194,5,10.0,USD
SP000878,2022-10-21,18,Affiliate,affiliate_network,affiliate,campaign_18,34,1,10.0,USD
SP000879,2022-10-22,18,Affiliate,affiliate_network,affiliate,campaign_18,306,8,11.95,USD
SP000880,2022-10-23,18,Affiliate,affiliate_network,affiliate,campaign_18,105,3,10.0,USD
SP000881,2022-10-24,18,Affiliate,affiliate_network,affiliate,campaign_18,225,7,10.0,USD
SP000882,2022-10-25,18,Affiliate,affiliate_network,affiliate,campaign_18,161,4,10.0,USD
SP000883,2022-10-26,18,Affiliate,affiliate_network,affiliate,campaign_18,67,2,10.0,USD
SP000884,2022-10-27,18,Affiliate,affiliate_network,affiliate,campaign_18,91,3,10.0,USD
SP000885,2022-10-28,18,Affiliate,affiliate_network,affiliate,campaign_18,107,3,10.0,USD
SP000886,2022-10-29,18,Affiliate,affiliate_network,affiliate,campaign_18,422,12,17.68,USD
SP000887,2022-10-30,18,Affiliate,affiliate_network,affiliate,campaign_18,115,3,10.0,USD
SP000888,2022-10-31,18,Affiliate,affiliate_network,affiliate,campaign_18,402,12,14.97,USD
SP000889,2022-11-01,18,Affiliate,affiliate_network,affiliate,campaign_18,71,2,10.0,USD
SP000890,2022-11-02,18,Affiliate,affiliate_network,affiliate,campaign_18,75,2,10.0,USD
SP000891,2022-11-03,18,Affiliate,affiliate_network,affiliate,campaign_18,159,4,10.0,USD
SP000892,2022-11-04,18,Affiliate,affiliate_network,affiliate,campaign_18,33,1,10.0,USD
SP000893,2022-11-05,18,Affiliate,affiliate_network,affiliate,campaign_18,90,3,10.0,USD
SP000894,2022-11-06,18,Affiliate,affiliate_network,affiliate,campaign_18,83,2,10.0,USD
SP000895,2022-11-07,18,Affiliate,affiliate_network,affiliate,campaign_18,201,6,10.0,USD
SP000896,2022-11-08,18,Affiliate,affiliate_network,affiliate,campaign_18,172,5,10.0,USD
SP000897,2022-11-09,18,Affiliate,affiliate_network,affiliate,campaign_18,188,5,10.0,USD
SP000898,2022-11-10,18,Affiliate,affiliate_network,affiliate,campaign_18,152,4,10.0,USD
SP000899,2022-11-11,18,Affiliate,affiliate_network,affiliate,campaign_18,125,3,10.0,USD
SP000900,2022-11-12,18,Affiliate,affiliate_network,affiliate,campaign_18,104,3,10.0,USD
SP000901,2022-11-13,18,Affiliate,affiliate_network,affiliate,campaign_18,74,2,10.0,USD
SP000902,2022-11-14,18,Affiliate,affiliate_network,affiliate,campaign_18,98,3,10.0,USD
SP000903,2022-11-15,18,Affiliate,affiliate_network,affiliate,campaign_18,136,4,10.0,USD
SP000904,2022-11-16,18,Affiliate,affiliate_network,affiliate,campaign_18,37,1,10.0,USD
SP000905,2022-11-17,18,Affiliate,affiliate_network,affiliate,campaign_18,134,3,10.0,USD
SP000906,2022-11-18,18,Affiliate,affiliate_network,affiliate,campaign_18,213,6,10.0,USD
SP000907,2022-11-19,18,Affiliate,affiliate_network,affiliate,campaign_18,108,3,10.0,USD
SP000908,2022-11-20,18,Affiliate,affiliate_network,affiliate,campaign_18,137,3,10.0,USD
SP000909,2022-11-21,18,Affiliate,affiliate_network,affiliate,campaign_18,206,6,10.0,USD
SP000910,2022-11-22,18,Affiliate,affiliate_network,affiliate,campaign_18,121,3,10.0,USD
SP000911,2022-11-23,18,Affiliate,affiliate_network,affiliate,campaign_18,97,3,10.0,USD
SP000912,2022-11-24,18,Affiliate,affiliate_network,affiliate,campaign_18,108,3,10.0,USD
SP000913,2022-11-25,18,Affiliate,affiliate_network,affiliate,campaign_18,114,3,10.0,USD
SP000914,2022-11-26,18,Affiliate,affiliate_network,affiliate,campaign_18,175,5,10.0,USD
SP000915,2022-11-27,18,Affiliate,affiliate_network,affiliate,campaign_18,35,1,10.0,USD
SP000916,2022-11-28,18,Affiliate,affiliate_network,affiliate,campaign_18,106,3,10.0,USD
SP000917,2022-11-29,18,Affiliate,affiliate_network,affiliate,campaign_18,99,3,10.0,USD
SP000918,2022-11-30,18,Affiliate,affiliate_network,affiliate,campaign_18,131,3,10.0,USD
SP000919,2022-12-01,18,Affiliate,affiliate_network,affiliate,campaign_18,70,2,10.0,USD
SP000920,2022-12-02,18,Affiliate,affiliate_network,affiliate,campaign_18,115,3,10.0,USD
SP000921,2022-12-03,18,Affiliate,affiliate_network,affiliate,campaign_18,73,2,10.0,USD
SP000922,2022-12-04,18,Affiliate,affiliate_network,affiliate,campaign_18,164,5,10.0,USD
SP000923,2022-12-05,18,Affiliate,affiliate_network,affiliate,campaign_18,68,2,10.0,USD
SP000924,2022-12-06,18,Affiliate,affiliate_network,affiliate,campaign_18,35,1,10.0,USD
SP000925,2022-12-07,18,Affiliate,affiliate_network,affiliate,campaign_18,105,3,10.0,USD
SP000926,2021-11-28,19,Affiliate,affiliate_network,affiliate,campaign_19,34,1,10.0,USD
SP000927,2021-11-29,19,Affiliate,affiliate_network,affiliate,campaign_19,117,3,10.0,USD
SP000928,2021-11-30,19,Affiliate,affiliate_network,affiliate,campaign_19,107,3,10.0,USD
SP000929,2021-12-01,19,Affiliate,affiliate_network,affiliate,campaign_19,88,3,10.0,USD
SP000930,2021-12-02,19,Affiliate,affiliate_network,affiliate,campaign_19,34,1,10.0,USD
SP000931,2021-12-03,19,Affiliate,affiliate_network,affiliate,campaign_19,35,1,10.0,USD
SP000932,2021-12-04,19,Affiliate,affiliate_network,affiliate,campaign_19,223,6,10.17,USD
SP000933,2021-12-05,19,Affiliate,affiliate_network,affiliate,campaign_19,194,5,10.0,USD
SP000934,2021-12-06,19,Affiliate,affiliate_network,affiliate,campaign_19,139,4,10.0,USD
SP000935,2021-12-07,19,Affiliate,affiliate_network,affiliate,campaign_19,69,2,10.0,USD
SP000936,2021-12-08,19,Affiliate,affiliate_network,affiliate,campaign_19,216,6,10.06,USD
SP000937,2021-12-09,19,Affiliate,affiliate_network,affiliate,campaign_19,112,4,10.0,USD
SP000938,2021-12-10,19,Affiliate,affiliate_network,affiliate,campaign_19,115,3,10.0,USD
SP000939,2021-12-11,19,Affiliate,affiliate_network,affiliate,campaign_19,118,3,10.0,USD
SP000940,2021-12-12,19,Affiliate,affiliate_network,affiliate,campaign_19,37,1,10.0,USD
SP000941,2021-12-13,19,Affiliate,affiliate_network,affiliate,campaign_19,108,3,10.0,USD
SP000942,2021-12-14,19,Affiliate,affiliate_network,affiliate,campaign_19,78,2,10.0,USD
SP000943,2021-12-15,19,Affiliate,affiliate_network,affiliate,campaign_19,175,5,10.0,USD
SP000944,2021-12-16,19,Affiliate,affiliate_network,affiliate,campaign_19,303,9,11.47,USD
SP000945,2021-12-17,19,Affiliate,affiliate_network,affiliate,campaign_19,111,4,10.0,USD
SP000946,2021-12-18,19,Affiliate,affiliate_network,affiliate,campaign_19,77,2,10.0,USD
SP000947,2021-12-19,19,Affiliate,affiliate_network,affiliate,campaign_19,195,5,10.0,USD
SP000948,2021-12-20,19,Affiliate,affiliate_network,affiliate,campaign_19,37,1,10.0,USD
SP000949,2021-12-21,19,Affiliate,affiliate_network,affiliate,campaign_19,35,1,10.0,USD
SP000950,2021-12-22,19,Affiliate,affiliate_network,affiliate,campaign_19,34,1,10.0,USD
SP000951,2021-12-23,19,Affiliate,affiliate_network,affiliate,campaign_19,135,4,10.0,USD
SP000952,2021-12-24,19,Affiliate,affiliate_network,affiliate,campaign_19,147,5,10.0,USD
SP000953,2021-12-25,19,Affiliate,affiliate_network,affiliate,campaign_19,44,1,10.0,USD
SP000954,2021-12-26,19,Affiliate,affiliate_network,affiliate,campaign_19,216,5,10.0,USD
SP000955,2021-12-27,19,Affiliate,affiliate_network,affiliate,campaign_19,72,2,10.0,USD
SP000956,2021-12-28,19,Affiliate,affiliate_network,affiliate,campaign_19,149,5,10.0,USD
SP000957,2021-12-29,19,Affiliate,affiliate_network,affiliate,campaign_19,100,3,10.0,USD
SP000958,2021-12-30,19,Affiliate,affiliate_network,affiliate,campaign_19,40,1,10.0,USD
SP000959,2021-12-31,19,Affiliate,affiliate_network,affiliate,campaign_19,269,8,13.56,USD
SP000960,2022-01-01,19,Affiliate,affiliate_network,affiliate,campaign_19,37,1,10.0,USD
SP000961,2022-01-02,19,Affiliate,affiliate_network,affiliate,campaign_19,103,3,10.0,USD
SP000962,2022-01-03,19,Affiliate,affiliate_network,affiliate,campaign_19,149,4,10.0,USD
SP000963,2022-01-04,19,Affiliate,affiliate_network,affiliate,campaign_19,130,4,10.0,USD
SP000964,2022-01-05,19,Affiliate,affiliate_network,affiliate,campaign_19,152,5,10.0,USD
SP000965,2022-01-06,19,Affiliate,affiliate_network,affiliate,campaign_19,107,3,10.0,USD
SP000966,2022-01-07,19,Affiliate,affiliate_network,affiliate,campaign_19,108,3,10.0,USD
SP000967,2022-01-08,19,Affiliate,affiliate_network,affiliate,campaign_19,168,4,10.0,USD
SP000968,2022-01-09,19,Affiliate,affiliate_network,affiliate,campaign_19,155,4,10.0,USD
SP000969,2022-01-10,19,Affiliate,affiliate_network,affiliate,campaign_19,328,8,12.55,USD
SP000970,2022-01-11,19,Affiliate,affiliate_network,affiliate,campaign_19,157,4,10.0,USD
SP000971,2022-01-12,19,Affiliate,affiliate_network,affiliate,campaign_19,72,2,10.0,USD
SP000972,2022-01-13,19,Affiliate,affiliate_network,affiliate,campaign_19,157,4,10.0,USD
SP000973,2022-01-14,19,Affiliate,affiliate_network,affiliate,campaign_19,64,2,10.0,USD
SP000974,2022-01-15,19,Affiliate,affiliate_network,affiliate,campaign_19,180,5,10.0,USD
SP000975,2022-01-16,19,Affiliate,affiliate_network,affiliate,campaign_19,199,5,10.0,USD
SP000976,2022-01-17,19,Affiliate,affiliate_network,affiliate,campaign_19,67,2,10.0,USD
SP000977,2022-01-18,19,Affiliate,affiliate_network,affiliate,campaign_19,227,7,10.0,USD
SP000978,2022-01-19,19,Affiliate,affiliate_network,affiliate,campaign_19,207,6,10.0,USD
SP000979,2022-01-20,19,Affiliate,affiliate_network,affiliate,campaign_19,64,2,10.0,USD
SP000980,2022-01-21,19,Affiliate,affiliate_network,affiliate,campaign_19,94,2,10.0,USD
SP000981,2022-01-22,19,Affiliate,affiliate_network,affiliate,campaign_19,176,5,10.0,USD
SP000982,2022-01-23,19,Affiliate,affiliate_network,affiliate,campaign_19,68,2,10.0,USD
SP000983,2022-01-24,19,Affiliate,affiliate_network,affiliate,campaign_19,168,5,10.0,USD
SP000984,2022-01-25,19,Affiliate,affiliate_network,affiliate,campaign_19,175,4,10.0,USD
SP000985,2022-01-26,19,Affiliate,affiliate_network,affiliate,campaign_19,171,5,10.0,USD
SP000986,2022-01-27,19,Affiliate,affiliate_network,affiliate,campaign_19,34,1,10.0,USD
SP000987,2022-01-28,19,Affiliate,affiliate_network,affiliate,campaign_19,106,3,10.0,USD
SP000988,2022-01-29,19,Affiliate,affiliate_network,affiliate,campaign_19,123,3,10.0,USD
SP000989,2021-07-26,20,Social,meta,paid_social,campaign_20,121,4,10.0,USD
SP000990,2021-07-27,20,Social,meta,paid_social,campaign_20,127,5,10.0,USD
SP000991,2021-07-28,20,Social,meta,paid_social,campaign_20,103,4,10.0,USD
SP000992,2021-07-29,20,Social,meta,paid_social,campaign_20,164,6,10.0,USD
SP000993,2021-07-30,20,Social,meta,paid_social,campaign_20,240,9,10.06,USD
SP000994,2021-07-31,20,Social,meta,paid_social,campaign_20,130,5,10.0,USD
SP000995,2021-08-01,20,Social,meta,paid_social,campaign_20,55,2,10.0,USD
SP000996,2021-08-02,20,Social,meta,paid_social,campaign_20,26,1,10.0,USD
SP000997,2021-08-03,20,Social,meta,paid_social,campaign_20,51,2,10.0,USD
SP000998,2021-08-04,20,Social,meta,paid_social,campaign_20,45,2,10.0,USD
SP000999,2021-08-05,20,Social,meta,paid_social,campaign_20,211,7,10.0,USD
SP001000,2021-08-06,20,Social,meta,paid_social,campaign_20,60,2,10.0,USD
SP001001,2021-08-07,20,Social,meta,paid_social,campaign_20,158,4,10.0,USD
SP001002,2021-08-08,20,Social,meta,paid_social,campaign_20,55,2,10.0,USD
SP001003,2021-08-09,20,Social,meta,paid_social,campaign_20,96,4,10.0,USD
SP001004,2021-08-10,20,Social,meta,paid_social,campaign_20,25,1,10.0,USD
SP001005,2021-08-11,20,Social,meta,paid_social,campaign_20,53,2,10.0,USD
SP001006,2021-08-12,20,Social,meta,paid_social,campaign_20,126,5,10.0,USD
SP001007,2021-08-13,20,Social,meta,paid_social,campaign_20,163,6,10.0,USD
SP001008,2021-08-14,20,Social,meta,paid_social,campaign_20,118,4,42.22,USD
SP001009,2021-08-15,20,Social,meta,paid_social,campaign_20,70,3,10.0,USD
SP001010,2021-08-16,20,Social,meta,paid_social,campaign_20,192,7,10.0,USD
SP001011,2021-08-17,20,Social,meta,paid_social,campaign_20,26,1,10.0,USD
SP001012,2021-08-18,20,Social,meta,paid_social,campaign_20,150,4,10.0,USD
SP001013,2021-08-19,20,Social,meta,paid_social,campaign_20,110,3,10.0,USD
SP001014,2021-08-20,20,Social,meta,paid_social,campaign_20,225,8,10.0,USD
SP001015,2021-08-21,20,Social,meta,paid_social,campaign_20,188,6,10.0,USD
SP001016,2021-08-22,20,Social,meta,paid_social,campaign_20,84,3,10.0,USD
SP001017,2021-08-23,20,Social,meta,paid_social,campaign_20,124,5,10.0,USD
SP001018,2021-08-24,20,Social,meta,paid_social,campaign_20,216,6,10.0,USD
SP001019,2021-08-25,20,Social,meta,paid_social,campaign_20,53,2,10.0,USD
SP001020,2021-08-26,20,Social,meta,paid_social,campaign_20,87,3,10.0,USD
SP001021,2021-08-27,20,Social,meta,paid_social,campaign_20,247,10,12.36,USD
SP001022,2021-08-28,20,Social,meta,paid_social,campaign_20,63,2,10.0,USD
SP001023,2021-08-29,20,Social,meta,paid_social,campaign_20,55,2,10.0,USD
SP001024,2021-08-30,20,Social,meta,paid_social,campaign_20,124,5,10.0,USD
SP001025,2021-08-31,20,Social,meta,paid_social,campaign_20,30,1,10.0,USD
SP001026,2021-09-01,20,Social,meta,paid_social,campaign_20,79,3,10.0,USD
SP001027,2021-09-02,20,Social,meta,paid_social,campaign_20,176,6,10.0,USD
SP001028,2021-09-03,20,Social,meta,paid_social,campaign_20,49,2,10.0,USD
SP001029,2021-09-04,20,Social,meta,paid_social,campaign_20,76,2,10.0,USD
SP001030,2021-09-05,20,Social,meta,paid_social,campaign_20,123,4,10.0,USD
SP001031,2021-09-06,20,Social,meta,paid_social,campaign_20,29,1,10.0,USD
SP001032,2021-09-07,20,Social,meta,paid_social,campaign_20,53,2,10.0,USD
SP001033,2021-09-08,20,Social,meta,paid_social,campaign_20,356,11,10.96,USD
SP001034,2021-09-09,20,Social,meta,paid_social,campaign_20,116,4,10.0,USD
SP001035,2021-09-10,20,Social,meta,paid_social,campaign_20,108,4,10.0,USD
SP001036,2021-09-11,20,Social,meta,paid_social,campaign_20,130,5,10.0,USD
SP001037,2021-09-12,20,Social,meta,paid_social,campaign_20,31,1,10.0,USD
SP001038,2021-09-13,20,Social,meta,paid_social,campaign_20,81,3,10.0,USD
SP001039,2021-09-14,20,Social,meta,paid_social,campaign_20,103,3,10.0,USD
SP001040,2021-09-15,20,Social,meta,paid_social,campaign_20,118,4,10.0,USD
SP001041,2021-09-16,20,Social,meta,paid_social,campaign_20,121,4,10.0,USD
SP001042,2021-09-17,20,Social,meta,paid_social,campaign_20,49,2,10.0,USD
SP001043,2021-09-18,20,Social,meta,paid_social,campaign_20,100,3,10.0,USD
SP001044,2021-09-19,20,Social,meta,paid_social,campaign_20,126,5,10.0,USD
SP001045,2021-09-20,20,Social,meta,paid_social,campaign_20,61,2,10.0,USD
SP001046,2021-09-21,20,Social,meta,paid_social,campaign_20,149,4,10.0,USD
SP001047,2021-09-22,20,Social,meta,paid_social,campaign_20,147,5,10.0,USD
SP001048,2021-09-23,20,Social,meta,paid_social,campaign_20,119,4,10.0,USD
SP001049,2023-02-21,21,Email,email,email,campaign_21,100,5,10.0,USD
SP001050,2023-02-22,21,Email,email,email,campaign_21,94,4,10.0,USD
SP001051,2023-02-23,21,Email,email,email,campaign_21,38,2,10.0,USD
SP001052,2023-02-24,21,Email,email,email,campaign_21,121,6,10.0,USD
SP001053,2023-02-25,21,Email,email,email,campaign_21,88,4,10.0,USD
SP001054,2023-02-26,21,Email,email,email,campaign_21,74,3,10.0,USD
SP001055,2023-02-27,21,Email,email,email,campaign_21,107,4,10.0,USD
SP001056,2023-02-28,21,Email,email,email,campaign_21,86,4,10.0,USD
SP001057,2023-03-01,21,Email,email,email,campaign_21,90,4,10.0,USD
SP001058,2023-03-02,21,Email,email,email,campaign_21,84,4,10.0,USD
SP001059,2023-03-03,21,Email,email,email,campaign_21,41,2,10.0,USD
SP001060,2023-03-04,21,Email,email,email,campaign_21,35,2,10.0,USD
SP001061,2023-03-05,21,Email,email,email,campaign_21,116,5,10.0,USD
SP001062,2023-03-06,21,Email,email,email,campaign_21,247,9,10.0,USD
SP001063,2023-03-07,21,Email,email,email,campaign_21,102,4,10.0,USD
SP001064,2023-03-08,21,Email,email,email,campaign_21,50,2,10.0,USD
SP001065,2023-03-09,21,Email,email,email,campaign_21,48,2,10.0,USD
SP001066,2023-03-10,21,Email,email,email,campaign_21,20,1,10.0,USD
SP001067,2023-03-11,21,Email,email,email,campaign_21,44,2,10.0,USD
SP001068,2023-03-12,21,Email,email,email,campaign_21,93,4,10.0,USD
SP001069,2023-03-13,21,Email,email,email,campaign_21,63,3,10.0,USD
SP001070,2023-03-14,21,Email,email,email,campaign_21,89,4,10.0,USD
SP001071,2023-03-15,21,Email,email,email,campaign_21,22,1,10.0,USD
SP001072,2023-03-16,21,Email,email,email,campaign_21,137,6,10.0,USD
SP001073,2023-03-17,21,Email,email,email,campaign_21,122,5,10.0,USD
SP001074,2023-03-18,21,Email,email,email,campaign_21,45,2,10.0,USD
SP001075,2023-03-19,21,Email,email,email,campaign_21,90,4,10.0,USD
SP001076,2023-03-20,21,Email,email,email,campaign_21,61,3,10.0,USD
SP001077,2023-03-21,21,Email,email,email,campaign_21,156,7,10.0,USD
SP001078,2023-03-22,21,Email,email,email,campaign_21,96,4,10.0,USD
SP001079,2023-03-23,21,Email,email,email,campaign_21,96,4,10.0,USD
SP001080,2023-03-24,21,Email,email,email,campaign_21,55,3,10.0,USD
SP001081,2023-03-25,21,Email,email,email,campaign_21,142,5,10.0,USD
SP001082,2023-03-26,21,Email,email,email,campaign_21,40,2,10.0,USD
SP001083,2023-03-27,21,Email,email,email,campaign_21,65,3,10.0,USD
SP001084,2022-07-02,22,Affiliate,affiliate_network,affiliate,campaign_22,136,4,10.0,USD
SP001085,2022-07-03,22,Affiliate,affiliate_network,affiliate,campaign_22,262,8,12.72,USD
SP001086,2022-07-04,22,Affiliate,affiliate_network,affiliate,campaign_22,34,1,10.0,USD
SP001087,2022-07-05,22,Affiliate,affiliate_network,affiliate,campaign_22,184,5,10.0,USD
SP001088,2022-07-06,22,Affiliate,affiliate_network,affiliate,campaign_22,92,3,10.0,USD
SP001089,2022-07-07,22,Affiliate,affiliate_network,affiliate,campaign_22,99,3,10.0,USD
SP001090,2022-07-08,22,Affiliate,affiliate_network,affiliate,campaign_22,228,6,10.0,USD
SP001091,2022-07-09,22,Affiliate,affiliate_network,affiliate,campaign_22,94,3,10.0,USD
SP001092,2022-07-10,22,Affiliate,affiliate_network,affiliate,campaign_22,215,5,10.0,USD
SP001093,2022-07-11,22,Affiliate,affiliate_network,affiliate,campaign_22,152,5,10.0,USD
SP001094,2022-07-12,22,Affiliate,affiliate_network,affiliate,campaign_22,135,4,10.0,USD
SP001095,2022-07-13,22,Affiliate,affiliate_network,affiliate,campaign_22,218,5,10.0,USD
SP001096,2022-07-14,22,Affiliate,affiliate_network,affiliate,campaign_22,33,1,10.0,USD
SP001097,2022-07-15,22,Affiliate,affiliate_network,affiliate,campaign_22,148,4,10.0,USD
SP001098,2022-07-16,22,Affiliate,affiliate_network,affiliate,campaign_22,189,5,10.0,USD
SP001099,2022-07-17,22,Affiliate,affiliate_network,affiliate,campaign_22,68,2,10.0,USD
SP001100,2022-07-18,22,Affiliate,affiliate_network,affiliate,campaign_22,70,2,10.0,USD
SP001101,2022-07-19,22,Affiliate,affiliate_network,affiliate,campaign_22,97,3,10.0,USD
SP001102,2022-07-20,22,Affiliate,affiliate_network,affiliate,campaign_22,341,8,11.42,USD
SP001103,2022-07-21,22,Affiliate,affiliate_network,affiliate,campaign_22,67,2,10.0,USD
SP001104,2022-07-22,22,Affiliate,affiliate_network,affiliate,campaign_22,137,4,10.0,USD
SP001105,2022-07-23,22,Affiliate,affiliate_network,affiliate,campaign_22,66,2,10.0,USD
SP001106,2022-07-24,22,Affiliate,affiliate_network,affiliate,campaign_22,300,8,10.41,USD
SP001107,2022-07-25,22,Affiliate,affiliate_network,affiliate,campaign_22,89,3,10.0,USD
SP001108,2022-07-26,22,Affiliate,affiliate_network,affiliate,campaign_22,34,1,10.0,USD
SP001109,2022-07-27,22,Affiliate,affiliate_network,affiliate,campaign_22,217,6,10.0,USD
SP001110,2022-07-28,22,Affiliate,affiliate_network,affiliate,campaign_22,361,8,12.82,USD
SP001111,2022-07-29,22,Affiliate,affiliate_network,affiliate,campaign_22,149,4,10.0,USD
SP001112,2022-07-30,22,Affiliate,affiliate_network,affiliate,campaign_22,99,3,10.0,USD
SP001113,2022-07-31,22,Affiliate,affiliate_network,affiliate,campaign_22,62,2,10.0,USD
SP001114,2022-08-01,22,Affiliate,affiliate_network,affiliate,campaign_22,107,3,10.0,USD
SP001115,2022-08-02,22,Affiliate,affiliate_network,affiliate,campaign_22,92,3,10.0,USD
SP001116,2022-08-03,22,Affiliate,affiliate_network,affiliate,campaign_22,118,3,10.0,USD
SP001117,2022-08-04,22,Affiliate,affiliate_network,affiliate,campaign_22,103,3,10.0,USD
SP001118,2022-08-05,22,Affiliate,affiliate_network,affiliate,campaign_22,205,6,10.0,USD
SP001119,2022-08-06,22,Affiliate,affiliate_network,affiliate,campaign_22,134,4,10.0,USD
SP001120,2022-08-07,22,Affiliate,affiliate_network,affiliate,campaign_22,35,1,10.0,USD
SP001121,2022-08-08,22,Affiliate,affiliate_network,affiliate,campaign_22,103,3,10.0,USD
SP001122,2022-08-09,22,Affiliate,affiliate_network,affiliate,campaign_22,158,4,10.0,USD
SP001123,2022-08-10,22,Affiliate,affiliate_network,affiliate,campaign_22,94,3,10.0,USD
SP001124,2022-08-11,22,Affiliate,affiliate_network,affiliate,campaign_22,65,2,10.0,USD
SP001125,2022-08-12,22,Affiliate,affiliate_network,affiliate,campaign_22,173,5,10.0,USD
SP001126,2022-08-13,22,Affiliate,affiliate_network,affiliate,campaign_22,130,4,10.0,USD
SP001127,2022-08-14,22,Affiliate,affiliate_network,affiliate,campaign_22,63,2,10.0,USD
SP001128,2022-08-15,22,Affiliate,affiliate_network,affiliate,campaign_22,235,7,11.46,USD
SP001129,2022-08-16,22,Affiliate,affiliate_network,affiliate,campaign_22,29,1,10.0,USD
SP001130,2022-08-17,22,Affiliate,affiliate_network,affiliate,campaign_22,267,8,12.71,USD
SP001131,2022-08-18,22,Affiliate,affiliate_network,affiliate,campaign_22,156,4,10.0,USD
SP001132,2022-08-19,22,Affiliate,affiliate_network,affiliate,campaign_22,243,7,10.52,USD
SP001133,2022-08-20,22,Affiliate,affiliate_network,affiliate,campaign_22,97,3,10.0,USD
SP001134,2022-08-21,22,Affiliate,affiliate_network,affiliate,campaign_22,94,3,10.0,USD
SP001135,2022-08-22,22,Affiliate,affiliate_network,affiliate,campaign_22,175,5,10.0,USD
SP001136,2022-08-23,22,Affiliate,affiliate_network,affiliate,campaign_22,118,3,10.0,USD
SP001137,2022-08-24,22,Affiliate,affiliate_network,affiliate,campaign_22,255,7,10.0,USD
SP001138,2022-08-25,22,Affiliate,affiliate_network,affiliate,campaign_22,330,8,11.65,USD
SP001139,2022-08-26,22,Affiliate,affiliate_network,affiliate,campaign_22,132,4,10.0,USD
SP001140,2022-08-27,22,Affiliate,affiliate_network,affiliate,campaign_22,260,7,10.21,USD
SP001141,2022-08-28,22,Affiliate,affiliate_network,affiliate,campaign_22,115,3,10.0,USD
SP001142,2022-08-29,22,Affiliate,affiliate_network,affiliate,campaign_22,33,1,10.0,USD
SP001143,2022-08-30,22,Affiliate,affiliate_network,affiliate,campaign_22,92,3,10.0,USD
SP001144,2022-08-31,22,Affiliate,affiliate_network,affiliate,campaign_22,230,6,10.0,USD
SP001145,2022-09-01,22,Affiliate,affiliate_network,affiliate,campaign_22,35,1,10.0,USD
SP001146,2022-09-02,22,Affiliate,affiliate_network,affiliate,campaign_22,109,3,10.0,USD
SP001147,2022-09-03,22,Affiliate,affiliate_network,affiliate,campaign_22,156,5,10.0,USD
SP001148,2022-09-04,22,Affiliate,affiliate_network,affiliate,campaign_22,72,2,10.0,USD
SP001149,2022-09-05,22,Affiliate,affiliate_network,affiliate,campaign_22,158,4,10.0,USD
SP001150,2022-09-06,22,Affiliate,affiliate_network,affiliate,campaign_22,107,3,10.0,USD
SP001151,2022-09-07,22,Affiliate,affiliate_network,affiliate,campaign_22,64,2,10.0,USD
SP001152,2022-09-08,22,Affiliate,affiliate_network,affiliate,campaign_22,182,5,10.0,USD
SP001153,2022-09-09,22,Affiliate,affiliate_network,affiliate,campaign_22,114,3,10.0,USD
SP001154,2022-09-10,22,Affiliate,affiliate_network,affiliate,campaign_22,36,1,10.0,USD
SP001155,2022-09-11,22,Affiliate,affiliate_network,affiliate,campaign_22,118,3,10.0,USD
SP001156,2022-09-12,22,Affiliate,affiliate_network,affiliate,campaign_22,73,2,10.0,USD
SP001157,2022-09-13,22,Affiliate,affiliate_network,affiliate,campaign_22,188,5,10.0,USD
SP001158,2022-09-14,22,Affiliate,affiliate_network,affiliate,campaign_22,202,7,10.0,USD
SP001159,2022-09-15,22,Affiliate,affiliate_network,affiliate,campaign_22,132,3,10.0,USD
SP001160,2022-09-16,22,Affiliate,affiliate_network,affiliate,campaign_22,234,6,10.0,USD
SP001161,2022-09-17,22,Affiliate,affiliate_network,affiliate,campaign_22,190,5,10.0,USD
SP001162,2022-09-18,22,Affiliate,affiliate_network,affiliate,campaign_22,39,1,10.0,USD
SP001163,2022-10-25,23,Paid Search,google,cpc,campaign_23,35,2,10.0,USD
SP001164,2022-10-26,23,Paid Search,google,cpc,campaign_23,137,7,13.94,USD
SP001165,2022-10-27,23,Paid Search,google,cpc,campaign_23,148,7,17.08,USD
SP001166,2022-10-28,23,Paid Search,google,cpc,campaign_23,72,4,10.0,USD
SP001167,2022-10-29,23,Paid Search,google,cpc,campaign_23,93,5,10.0,USD
SP001168,2022-10-30,23,Paid Search,google,cpc,campaign_23,39,2,10.0,USD
SP001169,2022-10-31,23,Paid Search,google,cpc,campaign_23,16,1,10.0,USD
SP001170,2022-11-01,23,Paid Search,google,cpc,campaign_23,87,5,10.01,USD
SP001171,2022-11-02,23,Paid Search,google,cpc,campaign_23,88,5,11.92,USD
SP001172,2022-11-03,23,Paid Search,google,cpc,campaign_23,52,3,10.0,USD
SP001173,2022-11-04,23,Paid Search,google,cpc,campaign_23,52,3,10.0,USD
SP001174,2022-11-05,23,Paid Search,google,cpc,campaign_23,56,3,10.0,USD
SP001175,2022-11-06,23,Paid Search,google,cpc,campaign_23,59,3,10.0,USD
SP001176,2022-11-07,23,Paid Search,google,cpc,campaign_23,108,6,13.39,USD
SP001177,2022-11-08,23,Paid Search,google,cpc,campaign_23,112,6,12.2,USD
SP001178,2022-11-09,23,Paid Search,google,cpc,campaign_23,67,3,10.0,USD
SP001179,2022-11-10,23,Paid Search,google,cpc,campaign_23,20,1,10.0,USD
SP001180,2022-11-11,23,Paid Search,google,cpc,campaign_23,19,1,10.0,USD
SP001181,2022-11-12,23,Paid Search,google,cpc,campaign_23,50,3,10.0,USD
SP001182,2022-11-13,23,Paid Search,google,cpc,campaign_23,72,4,10.0,USD
SP001183,2022-11-14,23,Paid Search,google,cpc,campaign_23,166,9,22.63,USD
SP001184,2022-11-15,23,Paid Search,google,cpc,campaign_23,34,2,10.0,USD
SP001185,2022-11-16,23,Paid Search,google,cpc,campaign_23,62,3,10.0,USD
SP001186,2022-11-17,23,Paid Search,google,cpc,campaign_23,18,1,10.0,USD
SP001187,2022-11-18,23,Paid Search,google,cpc,campaign_23,36,2,10.0,USD
SP001188,2022-11-19,23,Paid Search,google,cpc,campaign_23,61,3,10.0,USD
SP001189,2022-11-20,23,Paid Search,google,cpc,campaign_23,64,4,10.0,USD
SP001190,2022-11-21,23,Paid Search,google,cpc,campaign_23,18,1,10.0,USD
SP001191,2022-11-22,23,Paid Search,google,cpc,campaign_23,57,3,10.0,USD
SP001192,2022-11-23,23,Paid Search,google,cpc,campaign_23,222,13,25.43,USD
SP001193,2022-11-24,23,Paid Search,google,cpc,campaign_23,66,3,10.0,USD
SP001194,2022-11-25,23,Paid Search,google,cpc,campaign_23,16,1,10.0,USD
SP001195,2022-11-26,23,Paid Search,google,cpc,campaign_23,76,4,10.0,USD
SP001196,2022-11-27,23,Paid Search,google,cpc,campaign_23,108,6,13.82,USD
SP001197,2022-11-28,23,Paid Search,google,cpc,campaign_23,41,2,10.0,USD
SP001198,2022-11-29,23,Paid Search,google,cpc,campaign_23,141,8,18.9,USD
SP001199,2022-11-30,23,Paid Search,google,cpc,campaign_23,152,9,22.23,USD
SP001200,2022-12-01,23,Paid Search,google,cpc,campaign_23,17,1,10.0,USD
SP001201,2022-12-02,23,Paid Search,google,cpc,campaign_23,37,2,10.0,USD
SP001202,2022-12-03,23,Paid Search,google,cpc,campaign_23,86,6,11.42,USD
SP001203,2022-12-04,23,Paid Search,google,cpc,campaign_23,57,3,10.0,USD
SP001204,2022-12-05,23,Paid Search,google,cpc,campaign_23,40,2,10.0,USD
SP001205,2022-12-06,23,Paid Search,google,cpc,campaign_23,136,7,16.08,USD
SP001206,2022-12-07,23,Paid Search,google,cpc,campaign_23,66,4,10.0,USD
SP001207,2022-12-08,23,Paid Search,google,cpc,campaign_23,36,2,10.0,USD
SP001208,2022-12-09,23,Paid Search,google,cpc,campaign_23,91,5,10.92,USD
SP001209,2022-12-10,23,Paid Search,google,cpc,campaign_23,76,4,10.0,USD
SP001210,2022-12-11,23,Paid Search,google,cpc,campaign_23,37,2,10.0,USD
SP001211,2022-12-12,23,Paid Search,google,cpc,campaign_23,77,4,10.0,USD
SP001212,2022-12-13,23,Paid Search,google,cpc,campaign_23,68,4,10.0,USD
SP001213,2022-12-14,23,Paid Search,google,cpc,campaign_23,75,4,10.0,USD
SP001214,2022-12-15,23,Paid Search,google,cpc,campaign_23,58,3,10.0,USD
SP001215,2022-12-16,23,Paid Search,google,cpc,campaign_23,33,2,10.0,USD
SP001216,2022-12-17,23,Paid Search,google,cpc,campaign_23,60,3,10.0,USD
SP001217,2022-12-18,23,Paid Search,google,cpc,campaign_23,54,3,10.0,USD
SP001218,2022-12-19,23,Paid Search,google,cpc,campaign_23,247,11,20.73,USD
SP001219,2022-12-20,23,Paid Search,google,cpc,campaign_23,126,6,12.16,USD
SP001220,2022-12-21,23,Paid Search,google,cpc,campaign_23,38,2,10.0,USD
SP001221,2022-12-22,23,Paid Search,google,cpc,campaign_23,19,1,10.0,USD
SP001222,2022-12-23,23,Paid Search,google,cpc,campaign_23,115,6,11.63,USD
SP001223,2022-12-24,23,Paid Search,google,cpc,campaign_23,51,3,10.0,USD
SP001224,2022-12-25,23,Paid Search,google,cpc,campaign_23,84,5,10.16,USD
SP001225,2022-12-26,23,Paid Search,google,cpc,campaign_23,53,3,10.0,USD
SP001226,2022-12-27,23,Paid Search,google,cpc,campaign_23,20,1,10.0,USD
SP001227,2022-12-28,23,Paid Search,google,cpc,campaign_23,37,2,10.0,USD
SP001228,2022-12-29,23,Paid Search,google,cpc,campaign_23,61,4,10.0,USD
SP001229,2022-12-30,23,Paid Search,google,cpc,campaign_23,29,2,10.0,USD
SP001230,2022-12-31,23,Paid Search,google,cpc,campaign_23,17,1,10.0,USD
SP001231,2023-01-01,23,Paid Search,google,cpc,campaign_23,162,8,17.4,USD
SP001232,2023-01-02,23,Paid Search,google,cpc,campaign_23,55,3,10.0,USD
SP001233,2023-01-03,23,Paid Search,google,cpc,campaign_23,89,5,12.97,USD
SP001234,2023-01-04,23,Paid Search,google,cpc,campaign_23,18,1,10.0,USD
SP001235,2023-01-05,23,Paid Search,google,cpc,campaign_23,33,2,10.0,USD
SP001236,2023-01-06,23,Paid Search,google,cpc,campaign_23,51,3,10.0,USD
SP001237,2023-01-07,23,Paid Search,google,cpc,campaign_23,81,4,10.0,USD
SP001238,2023-01-08,23,Paid Search,google,cpc,campaign_23,58,3,10.0,USD
SP001239,2023-01-09,23,Paid Search,google,cpc,campaign_23,17,1,10.0,USD
SP001240,2023-01-10,23,Paid Search,google,cpc,campaign_23,48,3,10.0,USD
SP001241,2023-01-11,23,Paid Search,google,cpc,campaign_23,18,1,10.0,USD
SP001242,2023-01-12,23,Paid Search,google,cpc,campaign_23,85,4,10.0,USD
SP001243,2023-01-13,23,Paid Search,google,cpc,campaign_23,39,2,10.0,USD
SP001244,2023-01-14,23,Paid Search,google,cpc,campaign_23,41,2,10.0,USD
SP001245,2023-01-15,23,Paid Search,google,cpc,campaign_23,121,7,15.95,USD
SP001246,2023-01-16,23,Paid Search,google,cpc,campaign_23,36,2,10.0,USD
SP001247,2023-01-17,23,Paid Search,google,cpc,campaign_23,45,2,10.0,USD
SP001248,2023-01-18,23,Paid Search,google,cpc,campaign_23,47,2,10.0,USD
SP001249,2023-01-19,23,Paid Search,google,cpc,campaign_23,19,1,10.0,USD
SP001250,2021-11-07,24,Display,google_display,display,campaign_24,321,4,10.0,USD
SP001251,2021-11-08,24,Display,google_display,display,campaign_24,306,4,10.0,USD
SP001252,2021-11-09,24,Display,google_display,display,campaign_24,224,3,10.0,USD
SP001253,2021-11-10,24,Display,google_display,display,campaign_24,324,4,10.0,USD
SP001254,2021-11-11,24,Display,google_display,display,campaign_24,247,3,10.0,USD
SP001255,2021-11-12,24,Display,google_display,display,campaign_24,259,3,10.0,USD
SP001256,2021-11-13,24,Display,google_display,display,campaign_24,320,4,10.0,USD
SP001257,2021-11-14,24,Display,google_display,display,campaign_24,268,3,10.0,USD
SP001258,2021-11-15,24,Display,google_display,display,campaign_24,379,4,10.0,USD
SP001259,2021-11-16,24,Display,google_display,display,campaign_24,413,5,10.0,USD
SP001260,2021-11-17,24,Display,google_display,display,campaign_24,231,3,10.0,USD
SP001261,2021-11-18,24,Display,google_display,display,campaign_24,291,3,10.0,USD
SP001262,2021-11-19,24,Display,google_display,display,campaign_24,264,3,10.0,USD
SP001263,2021-11-20,24,Display,google_display,display,campaign_24,249,3,10.0,USD
SP001264,2021-11-21,24,Display,google_display,display,campaign_24,416,5,10.0,USD
SP001265,2021-11-22,24,Display,google_display,display,campaign_24,158,2,10.0,USD
SP001266,2021-11-23,24,Display,google_display,display,campaign_24,350,5,10.0,USD
SP001267,2021-11-24,24,Display,google_display,display,campaign_24,322,3,10.0,USD
SP001268,2021-11-25,24,Display,google_display,display,campaign_24,70,1,10.0,USD
SP001269,2021-11-26,24,Display,google_display,display,campaign_24,282,4,10.0,USD
SP001270,2021-11-27,24,Display,google_display,display,campaign_24,153,2,10.0,USD
SP001271,2021-11-28,24,Display,google_display,display,campaign_24,163,2,10.0,USD
SP001272,2021-11-29,24,Display,google_display,display,campaign_24,267,3,10.0,USD
SP001273,2021-11-30,24,Display,google_display,display,campaign_24,1033,9,10.0,USD
SP001274,2021-12-01,24,Display,google_display,display,campaign_24,146,2,10.0,USD
SP001275,2021-12-02,24,Display,google_display,display,campaign_24,270,3,10.0,USD
SP001276,2021-12-03,24,Display,google_display,display,campaign_24,222,3,10.0,USD
SP001277,2021-12-04,24,Display,google_display,display,campaign_24,86,1,10.0,USD
SP001278,2021-12-05,24,Display,google_display,display,campaign_24,326,4,10.0,USD
SP001279,2021-12-06,24,Display,google_display,display,campaign_24,160,2,10.0,USD
SP001280,2021-12-07,24,Display,google_display,display,campaign_24,224,3,10.0,USD
SP001281,2021-12-08,24,Display,google_display,display,campaign_24,310,4,10.0,USD
SP001282,2021-12-09,24,Display,google_display,display,campaign_24,86,1,10.0,USD
SP001283,2021-12-10,24,Display,google_display,display,campaign_24,212,2,10.0,USD
SP001284,2021-12-11,24,Display,google_display,display,campaign_24,791,10,10.0,USD
SP001285,2021-12-12,24,Display,google_display,display,campaign_24,82,1,10.0,USD
SP001286,2021-12-13,24,Display,google_display,display,campaign_24,477,5,10.0,USD
SP001287,2021-12-14,24,Display,google_display,display,campaign_24,323,4,10.0,USD
SP001288,2021-12-15,24,Display,google_display,display,campaign_24,83,1,10.0,USD
SP001289,2021-12-16,24,Display,google_display,display,campaign_24,219,3,10.0,USD
SP001290,2021-12-17,24,Display,google_display,display,campaign_24,346,5,10.0,USD
SP001291,2021-12-18,24,Display,google_display,display,campaign_24,227,3,10.0,USD
SP001292,2021-12-19,24,Display,google_display,display,campaign_24,251,3,10.0,USD
SP001293,2021-12-20,24,Display,google_display,display,campaign_24,412,5,10.0,USD
SP001294,2021-12-21,24,Display,google_display,display,campaign_24,271,3,10.0,USD
SP001295,2021-12-22,24,Display,google_display,display,campaign_24,647,9,10.0,USD
SP001296,2021-12-23,24,Display,google_display,display,campaign_24,293,4,10.0,USD
SP001297,2021-12-24,24,Display,google_display,display,campaign_24,143,2,10.0,USD
SP001298,2021-12-25,24,Display,google_display,display,campaign_24,269,4,10.0,USD
SP001299,2021-12-26,24,Display,google_display,display,campaign_24,271,3,10.0,USD
SP001300,2021-12-27,24,Display,google_display,display,campaign_24,270,4,10.0,USD
SP001301,2021-12-28,24,Display,google_display,display,campaign_24,172,2,10.0,USD
SP001302,2021-12-29,24,Display,google_display,display,campaign_24,156,2,10.0,USD
SP001303,2021-12-30,24,Display,google_display,display,campaign_24,99,1,10.0,USD
SP001304,2021-12-31,24,Display,google_display,display,campaign_24,262,3,10.0,USD
SP001305,2022-01-01,24,Display,google_display,display,campaign_24,712,8,10.0,USD
SP001306,2022-01-02,24,Display,google_display,display,campaign_24,241,3,10.0,USD
SP001307,2022-01-03,24,Display,google_display,display,campaign_24,792,9,10.0,USD
SP001308,2022-01-04,24,Display,google_display,display,campaign_24,441,5,10.0,USD
SP001309,2022-01-05,24,Display,google_display,display,campaign_24,96,1,10.0,USD
SP001310,2022-01-06,24,Display,google_display,display,campaign_24,487,6,10.0,USD
SP001311,2021-03-19,25,Paid Search,google,cpc,campaign_25,120,7,14.77,USD
SP001312,2021-03-20,25,Paid Search,google,cpc,campaign_25,35,2,10.0,USD
SP001313,2021-03-21,25,Paid Search,google,cpc,campaign_25,35,2,10.0,USD
SP001314,2021-03-22,25,Paid Search,google,cpc,campaign_25,139,8,16.89,USD
SP001315,2021-03-23,25,Paid Search,google,cpc,campaign_25,50,3,10.0,USD
SP001316,2021-03-24,25,Paid Search,google,cpc,campaign_25,66,4,10.0,USD
SP001317,2021-03-25,25,Paid Search,google,cpc,campaign_25,80,4,10.0,USD
SP001318,2021-03-26,25,Paid Search,google,cpc,campaign_25,152,8,20.44,USD
SP001319,2021-03-27,25,Paid Search,google,cpc,campaign_25,131,7,15.0,USD
SP001320,2021-03-28,25,Paid Search,google,cpc,campaign_25,53,3,10.0,USD
SP001321,2021-03-29,25,Paid Search,google,cpc,campaign_25,105,7,13.41,USD
SP001322,2021-03-30,25,Paid Search,google,cpc,campaign_25,132,6,12.76,USD
SP001323,2021-03-31,25,Paid Search,google,cpc,campaign_25,66,4,10.0,USD
SP001324,2021-04-01,25,Paid Search,google,cpc,campaign_25,41,2,10.0,USD
SP001325,2021-04-02,25,Paid Search,google,cpc,campaign_25,77,4,10.14,USD
SP001326,2021-04-03,25,Paid Search,google,cpc,campaign_25,68,4,10.33,USD
SP001327,2021-04-04,25,Paid Search,google,cpc,campaign_25,40,2,10.0,USD
SP001328,2021-04-05,25,Paid Search,google,cpc,campaign_25,50,3,10.0,USD
SP001329,2021-04-06,25,Paid Search,google,cpc,campaign_25,39,2,10.0,USD
SP001330,2021-04-07,25,Paid Search,google,cpc,campaign_25,59,3,10.0,USD
SP001331,2021-04-08,25,Paid Search,google,cpc,campaign_25,62,3,10.0,USD
SP001332,2021-04-09,25,Paid Search,google,cpc,campaign_25,78,4,10.0,USD
SP001333,2021-04-10,25,Paid Search,google,cpc,campaign_25,17,1,10.0,USD
SP001334,2021-04-11,25,Paid Search,google,cpc,campaign_25,115,6,15.0,USD
SP001335,2023-08-13,26,Email,email,email,campaign_26,121,6,10.0,USD
SP001336,2023-08-14,26,Email,email,email,campaign_26,88,4,10.0,USD
SP001337,2023-08-15,26,Email,email,email,campaign_26,66,3,10.0,USD
SP001338,2023-08-16,26,Email,email,email,campaign_26,24,1,10.0,USD
SP001339,2023-08-17,26,Email,email,email,campaign_26,40,2,10.0,USD
SP001340,2023-08-18,26,Email,email,email,campaign_26,82,4,10.0,USD
SP001341,2023-08-19,26,Email,email,email,campaign_26,41,2,10.0,USD
SP001342,2023-08-20,26,Email,email,email,campaign_26,130,6,10.0,USD
SP001343,2023-08-21,26,Email,email,email,campaign_26,179,8,10.0,USD
SP001344,2023-08-22,26,Email,email,email,campaign_26,117,5,10.0,USD
SP001345,2023-08-23,26,Email,email,email,campaign_26,79,4,10.0,USD
SP001346,2023-08-24,26,Email,email,email,campaign_26,42,2,10.0,USD
SP001347,2023-08-25,26,Email,email,email,campaign_26,113,5,10.0,USD
SP001348,2023-08-26,26,Email,email,email,campaign_26,48,2,10.0,USD
SP001349,2023-08-27,26,Email,email,email,campaign_26,87,4,10.0,USD
SP001350,2023-08-28,26,Email,email,email,campaign_26,21,1,10.0,USD
SP001351,2023-08-29,26,Email,email,email,campaign_26,67,3,10.0,USD
SP001352,2023-08-30,26,Email,email,email,campaign_26,65,3,10.0,USD
SP001353,2023-08-31,26,Email,email,email,campaign_26,122,5,10.0,USD
SP001354,2023-09-01,26,Email,email,email,campaign_26,45,2,10.0,USD
SP001355,2023-09-02,26,Email,email,email,campaign_26,145,6,10.0,USD
SP001356,2023-09-03,26,Email,email,email,campaign_26,114,5,10.0,USD
SP001357,2023-09-04,26,Email,email,email,campaign_26,24,1,10.0,USD
SP001358,2023-09-05,26,Email,email,email,campaign_26,105,5,10.0,USD
SP001359,2023-09-06,26,Email,email,email,campaign_26,104,5,10.0,USD
SP001360,2023-09-07,26,Email,email,email,campaign_26,64,3,10.0,USD
SP001361,2023-09-08,26,Email,email,email,campaign_26,142,6,10.0,USD
SP001362,2023-09-09,26,Email,email,email,campaign_26,50,2,10.0,USD
SP001363,2023-09-10,26,Email,email,email,campaign_26,125,6,10.0,USD
SP001364,2023-09-11,26,Email,email,email,campaign_26,44,2,10.0,USD
SP001365,2023-09-12,26,Email,email,email,campaign_26,135,5,10.0,USD
SP001366,2023-09-13,26,Email,email,email,campaign_26,66,3,10.0,USD
SP001367,2023-09-14,26,Email,email,email,campaign_26,128,6,10.0,USD
SP001368,2023-09-15,26,Email,email,email,campaign_26,52,2,10.0,USD
SP001369,2023-09-16,26,Email,email,email,campaign_26,42,2,10.0,USD
SP001370,2023-09-17,26,Email,email,email,campaign_26,77,3,10.0,USD
SP001371,2023-09-18,26,Email,email,email,campaign_26,96,4,10.0,USD
SP001372,2023-09-19,26,Email,email,email,campaign_26,103,4,44.39,USD
SP001373,2023-09-20,26,Email,email,email,campaign_26,73,3,10.0,USD
SP001374,2023-09-21,26,Email,email,email,campaign_26,25,1,10.0,USD
SP001375,2023-09-22,26,Email,email,email,campaign_26,60,3,10.0,USD
SP001376,2023-09-23,26,Email,email,email,campaign_26,182,8,10.0,USD
SP001377,2023-09-24,26,Email,email,email,campaign_26,46,2,10.0,USD
SP001378,2023-09-25,26,Email,email,email,campaign_26,60,3,10.0,USD
SP001379,2023-09-26,26,Email,email,email,campaign_26,120,6,10.0,USD
SP001380,2023-09-27,26,Email,email,email,campaign_26,46,2,10.0,USD
SP001381,2023-09-28,26,Email,email,email,campaign_26,65,3,10.0,USD
SP001382,2023-09-29,26,Email,email,email,campaign_26,94,4,10.0,USD
SP001383,2023-09-30,26,Email,email,email,campaign_26,89,4,10.0,USD
SP001384,2023-10-01,26,Email,email,email,campaign_26,74,3,10.0,USD
SP001385,2023-10-02,26,Email,email,email,campaign_26,106,5,10.0,USD
SP001386,2023-10-03,26,Email,email,email,campaign_26,99,5,10.0,USD
SP001387,2023-10-04,26,Email,email,email,campaign_26,81,4,10.0,USD
SP001388,2023-10-05,26,Email,email,email,campaign_26,88,4,10.0,USD
SP001389,2023-10-06,26,Email,email,email,campaign_26,163,6,10.0,USD
SP001390,2023-10-07,26,Email,email,email,campaign_26,118,5,10.0,USD
SP001391,2023-10-08,26,Email,email,email,campaign_26,89,4,10.0,USD
SP001392,2023-10-09,26,Email,email,email,campaign_26,51,2,10.0,USD
SP001393,2023-10-10,26,Email,email,email,campaign_26,156,6,10.0,USD
SP001394,2023-10-11,26,Email,email,email,campaign_26,58,3,10.0,USD
SP001395,2023-10-12,26,Email,email,email,campaign_26,61,3,10.0,USD
SP001396,2023-10-13,26,Email,email,email,campaign_26,126,6,10.0,USD
SP001397,2023-10-14,26,Email,email,email,campaign_26,62,3,10.0,USD
SP001398,2023-10-15,26,Email,email,email,campaign_26,75,3,10.0,USD
SP001399,2023-10-16,26,Email,email,email,campaign_26,49,2,10.0,USD
SP001400,2023-10-17,26,Email,email,email,campaign_26,207,8,10.0,USD
SP001401,2023-10-18,26,Email,email,email,campaign_26,46,2,10.0,USD
SP001402,2023-10-19,26,Email,email,email,campaign_26,95,4,10.0,USD
SP001403,2023-10-20,26,Email,email,email,campaign_26,97,4,10.0,USD
SP001404,2023-10-21,26,Email,email,email,campaign_26,88,4,10.0,USD
SP001405,2023-10-22,26,Email,email,email,campaign_26,43,2,10.0,USD
SP001406,2023-10-23,26,Email,email,email,campaign_26,117,5,10.0,USD
SP001407,2023-10-24,26,Email,email,email,campaign_26,215,7,10.0,USD
SP001408,2023-10-25,26,Email,email,email,campaign_26,142,7,10.0,USD
SP001409,2023-10-26,26,Email,email,email,campaign_26,48,2,10.0,USD
SP001410,2023-10-27,26,Email,email,email,campaign_26,95,5,10.0,USD
SP001411,2023-10-28,26,Email,email,email,campaign_26,118,5,10.0,USD
SP001412,2023-10-29,26,Email,email,email,campaign_26,72,3,10.0,USD
SP001413,2023-10-30,26,Email,email,email,campaign_26,77,3,10.0,USD
SP001414,2023-10-31,26,Email,email,email,campaign_26,116,5,10.0,USD
SP001415,2023-11-01,26,Email,email,email,campaign_26,45,2,10.0,USD
SP001416,2022-04-01,27,Display,google_display,display,campaign_27,263,3,10.0,USD
SP001417,2022-04-02,27,Display,google_display,display,campaign_27,354,4,10.0,USD
SP001418,2022-04-03,27,Display,google_display,display,campaign_27,239,3,10.0,USD
SP001419,2022-04-04,27,Display,google_display,display,campaign_27,87,1,10.0,USD
SP001420,2022-04-05,27,Display,google_display,display,campaign_27,237,3,10.0,USD
SP001421,2022-04-06,27,Display,google_display,display,campaign_27,229,3,10.0,USD
SP001422,2022-04-07,27,Display,google_display,display,campaign_27,127,2,10.0,USD
SP001423,2022-04-08,27,Display,google_display,display,campaign_27,397,5,10.0,USD
SP001424,2022-04-09,27,Display,google_display,display,campaign_27,185,2,10.0,USD
SP001425,2022-04-10,27,Display,google_display,display,campaign_27,351,4,10.0,USD
SP001426,2022-04-11,27,Display,google_display,display,campaign_27,424,5,10.0,USD
SP001427,2021-09-02,28,Affiliate,affiliate_network,affiliate,campaign_28,97,3,10.0,USD
SP001428,2021-09-03,28,Affiliate,affiliate_network,affiliate,campaign_28,109,3,10.0,USD
SP001429,2021-09-04,28,Affiliate,affiliate_network,affiliate,campaign_28,64,2,10.0,USD
SP001430,2021-09-05,28,Affiliate,affiliate_network,affiliate,campaign_28,170,4,10.0,USD
SP001431,2021-09-06,28,Affiliate,affiliate_network,affiliate,campaign_28,35,1,10.0,USD
SP001432,2021-09-07,28,Affiliate,affiliate_network,affiliate,campaign_28,196,6,10.0,USD
SP001433,2021-09-08,28,Affiliate,affiliate_network,affiliate,campaign_28,202,6,10.0,USD
SP001434,2021-09-09,28,Affiliate,affiliate_network,affiliate,campaign_28,153,4,10.0,USD
SP001435,2021-09-10,28,Affiliate,affiliate_network,affiliate,campaign_28,71,2,10.0,USD
SP001436,2021-09-11,28,Affiliate,affiliate_network,affiliate,campaign_28,308,7,10.83,USD
SP001437,2021-12-26,29,Email,email,email,campaign_29,44,2,10.0,USD
SP001438,2021-12-27,29,Email,email,email,campaign_29,91,4,10.0,USD
SP001439,2021-12-28,29,Email,email,email,campaign_29,190,9,10.0,USD
SP001440,2021-12-29,29,Email,email,email,campaign_29,88,4,10.0,USD
SP001441,2021-12-30,29,Email,email,email,campaign_29,21,1,10.0,USD
SP001442,2021-12-31,29,Email,email,email,campaign_29,184,8,10.0,USD
SP001443,2022-01-01,29,Email,email,email,campaign_29,118,5,10.0,USD
SP001444,2022-01-02,29,Email,email,email,campaign_29,49,2,10.0,USD
SP001445,2022-01-03,29,Email,email,email,campaign_29,45,2,10.0,USD
SP001446,2022-01-04,29,Email,email,email,campaign_29,22,1,10.0,USD
SP001447,2022-01-05,29,Email,email,email,campaign_29,85,4,10.0,USD
SP001448,2022-01-06,29,Email,email,email,campaign_29,22,1,10.0,USD
SP001449,2022-01-07,29,Email,email,email,campaign_29,43,2,10.0,USD
SP001450,2022-01-08,29,Email,email,email,campaign_29,91,4,10.0,USD
SP001451,2022-01-09,29,Email,email,email,campaign_29,78,3,10.0,USD
SP001452,2022-01-10,29,Email,email,email,campaign_29,67,3,10.0,USD
SP001453,2022-01-11,29,Email,email,email,campaign_29,84,4,10.0,USD
SP001454,2022-01-12,29,Email,email,email,campaign_29,25,1,10.0,USD
SP001455,2022-01-13,29,Email,email,email,campaign_29,43,2,10.0,USD
SP001456,2022-01-14,29,Email,email,email,campaign_29,37,2,10.0,USD
SP001457,2022-01-15,29,Email,email,email,campaign_29,112,5,10.0,USD
SP001458,2022-01-16,29,Email,email,email,campaign_29,111,5,10.0,USD
SP001459,2022-01-17,29,Email,email,email,campaign_29,131,5,10.0,USD
SP001460,2022-01-18,29,Email,email,email,campaign_29,75,3,10.0,USD
SP001461,2022-01-19,29,Email,email,email,campaign_29,24,1,10.0,USD
SP001462,2022-01-20,29,Email,email,email,campaign_29,21,1,10.0,USD
SP001463,2022-01-21,29,Email,email,email,campaign_29,122,5,10.0,USD
SP001464,2022-01-22,29,Email,email,email,campaign_29,136,5,10.0,USD
SP001465,2022-01-23,29,Email,email,email,campaign_29,43,2,10.0,USD
SP001466,2022-01-24,29,Email,email,email,campaign_29,48,2,10.0,USD
SP001467,2022-01-25,29,Email,email,email,campaign_29,105,4,10.0,USD
SP001468,2022-01-26,29,Email,email,email,campaign_29,104,5,10.0,USD
SP001469,2022-01-27,29,Email,email,email,campaign_29,115,5,10.0,USD
SP001470,2022-01-28,29,Email,email,email,campaign_29,64,3,10.0,USD
SP001471,2022-01-29,29,Email,email,email,campaign_29,53,2,10.0,USD
SP001472,2022-01-30,29,Email,email,email,campaign_29,225,10,10.0,USD
SP001473,2022-01-31,29,Email,email,email,campaign_29,123,5,10.0,USD
SP001474,2022-02-01,29,Email,email,email,campaign_29,43,2,10.0,USD
SP001475,2022-02-02,29,Email,email,email,campaign_29,21,1,10.0,USD
SP001476,2022-02-03,29,Email,email,email,campaign_29,124,6,10.0,USD
SP001477,2022-02-04,29,Email,email,email,campaign_29,58,3,10.0,USD
SP001478,2022-02-05,29,Email,email,email,campaign_29,88,4,10.0,USD
SP001479,2022-02-06,29,Email,email,email,campaign_29,63,3,10.0,USD
SP001480,2022-02-07,29,Email,email,email,campaign_29,66,3,10.0,USD
SP001481,2022-02-08,29,Email,email,email,campaign_29,93,5,10.0,USD
SP001482,2022-02-09,29,Email,email,email,campaign_29,66,3,10.0,USD
SP001483,2022-02-10,29,Email,email,email,campaign_29,23,1,10.0,USD
SP001484,2022-02-11,29,Email,email,email,campaign_29,115,5,10.0,USD
SP001485,2022-02-12,29,Email,email,email,campaign_29,61,3,10.0,USD
SP001486,2022-02-13,29,Email,email,email,campaign_29,67,3,10.0,USD
SP001487,2022-02-14,29,Email,email,email,campaign_29,62,3,10.0,USD
SP001488,2022-02-15,29,Email,email,email,campaign_29,104,5,10.0,USD
SP001489,2022-02-16,29,Email,email,email,campaign_29,97,4,10.0,USD
SP001490,2022-02-17,29,Email,email,email,campaign_29,98,4,10.0,USD
SP001491,2022-02-18,29,Email,email,email,campaign_29,83,4,10.0,USD
SP001492,2022-02-19,29,Email,email,email,campaign_29,129,5,10.0,USD
SP001493,2022-02-20,29,Email,email,email,campaign_29,52,2,10.0,USD
SP001494,2022-02-21,29,Email,email,email,campaign_29,111,6,10.0,USD
SP001495,2022-02-22,29,Email,email,email,campaign_29,27,1,10.0,USD
SP001496,2022-02-23,29,Email,email,email,campaign_29,61,3,10.0,USD
SP001497,2022-02-24,29,Email,email,email,campaign_29,92,4,10.0,USD
SP001498,2022-02-25,29,Email,email,email,campaign_29,84,4,10.0,USD
SP001499,2022-02-26,29,Email,email,email,campaign_29,21,1,10.0,USD
SP001500,2023-11-04,30,Social,meta,paid_social,campaign_30,58,2,10.0,USD
SP001501,2023-11-05,30,Social,meta,paid_social,campaign_30,114,4,10.0,USD
SP001502,2023-11-06,30,Social,meta,paid_social,campaign_30,79,3,10.0,USD
SP001503,2023-11-07,30,Social,meta,paid_social,campaign_30,152,6,10.0,USD
SP001504,2023-11-08,30,Social,meta,paid_social,campaign_30,77,3,10.0,USD
SP001505,2023-11-09,30,Social,meta,paid_social,campaign_30,56,2,10.0,USD
SP001506,2023-11-10,30,Social,meta,paid_social,campaign_30,29,1,10.0,USD
SP001507,2023-11-11,30,Social,meta,paid_social,campaign_30,95,3,10.0,USD
SP001508,2023-11-12,30,Social,meta,paid_social,campaign_30,84,3,10.0,USD
SP001509,2023-11-13,30,Social,meta,paid_social,campaign_30,86,3,10.0,USD
SP001510,2023-11-14,30,Social,meta,paid_social,campaign_30,52,2,10.0,USD
SP001511,2023-11-15,30,Social,meta,paid_social,campaign_30,81,3,10.0,USD
SP001512,2023-11-16,30,Social,meta,paid_social,campaign_30,101,4,10.0,USD
SP001513,2023-11-17,30,Social,meta,paid_social,campaign_30,195,6,10.0,USD
SP001514,2023-11-18,30,Social,meta,paid_social,campaign_30,123,5,10.0,USD
SP001515,2023-11-19,30,Social,meta,paid_social,campaign_30,191,7,10.0,USD
SP001516,2023-11-20,30,Social,meta,paid_social,campaign_30,223,7,10.0,USD
SP001517,2023-11-21,30,Social,meta,paid_social,campaign_30,66,2,10.0,USD
SP001518,2023-11-22,30,Social,meta,paid_social,campaign_30,103,4,10.0,USD
SP001519,2023-11-23,30,Social,meta,paid_social,campaign_30,58,2,10.0,USD
SP001520,2023-11-24,30,Social,meta,paid_social,campaign_30,88,3,10.0,USD
SP001521,2023-11-25,30,Social,meta,paid_social,campaign_30,118,4,10.0,USD
SP001522,2023-11-26,30,Social,meta,paid_social,campaign_30,126,4,10.0,USD
SP001523,2023-11-27,30,Social,meta,paid_social,campaign_30,193,7,10.0,USD
SP001524,2023-11-28,30,Social,meta,paid_social,campaign_30,68,2,10.0,USD
SP001525,2023-11-29,30,Social,meta,paid_social,campaign_30,124,5,10.0,USD
SP001526,2023-11-30,30,Social,meta,paid_social,campaign_30,51,2,10.0,USD
SP001527,2023-12-01,30,Social,meta,paid_social,campaign_30,82,3,10.0,USD
SP001528,2023-12-02,30,Social,meta,paid_social,campaign_30,104,4,10.0,USD
SP001529,2023-12-03,30,Social,meta,paid_social,campaign_30,26,1,10.0,USD
SP001530,2023-12-04,30,Social,meta,paid_social,campaign_30,84,3,10.0,USD
SP001531,2023-12-05,30,Social,meta,paid_social,campaign_30,58,2,10.0,USD
SP001532,2023-12-06,30,Social,meta,paid_social,campaign_30,88,3,10.0,USD
SP001533,2023-12-07,30,Social,meta,paid_social,campaign_30,74,3,10.0,USD
SP001534,2023-12-08,30,Social,meta,paid_social,campaign_30,93,3,10.0,USD
SP001535,2023-12-09,30,Social,meta,paid_social,campaign_30,247,8,10.0,USD
SP001536,2023-12-10,30,Social,meta,paid_social,campaign_30,104,4,10.0,USD
SP001537,2023-12-11,30,Social,meta,paid_social,campaign_30,52,2,10.0,USD
SP001538,2023-12-12,30,Social,meta,paid_social,campaign_30,88,3,10.0,USD
SP001539,2023-12-13,30,Social,meta,paid_social,campaign_30,108,4,10.0,USD
SP001540,2023-12-14,30,Social,meta,paid_social,campaign_30,27,1,10.0,USD
SP001541,2023-12-15,30,Social,meta,paid_social,campaign_30,98,3,10.0,USD
SP001542,2023-12-16,30,Social,meta,paid_social,campaign_30,100,4,10.0,USD
SP001543,2023-12-17,30,Social,meta,paid_social,campaign_30,138,5,10.0,USD
SP001544,2023-12-18,30,Social,meta,paid_social,campaign_30,115,4,10.0,USD
SP001545,2023-12-19,30,Social,meta,paid_social,campaign_30,35,1,10.0,USD
SP001546,2023-12-20,30,Social,meta,paid_social,campaign_30,140,5,10.0,USD
SP001547,2023-12-21,30,Social,meta,paid_social,campaign_30,132,4,10.0,USD
SP001548,2023-12-22,30,Social,meta,paid_social,campaign_30,119,5,10.0,USD
SP001549,2023-12-23,30,Social,meta,paid_social,campaign_30,86,3,10.0,USD
SP001550,2023-12-24,30,Social,meta,paid_social,campaign_30,71,3,10.0,USD
SP001551,2023-12-25,30,Social,meta,paid_social,campaign_30,168,6,10.0,USD
SP001552,2023-12-26,30,Social,meta,paid_social,campaign_30,60,2,10.0,USD
SP001553,2023-12-27,30,Social,meta,paid_social,campaign_30,50,2,10.0,USD
SP001554,2023-12-28,30,Social,meta,paid_social,campaign_30,109,4,10.0,USD
SP001555,2023-12-29,30,Social,meta,paid_social,campaign_30,69,3,10.0,USD
SP001556,2023-12-30,30,Social,meta,paid_social,campaign_30,121,4,10.0,USD
SP001557,2023-12-31,30,Social,meta,paid_social,campaign_30,25,1,10.0,USD
SP001558,2024-01-01,30,Social,meta,paid_social,campaign_30,159,6,10.0,USD
SP001559,2024-01-02,30,Social,meta,paid_social,campaign_30,105,3,10.0,USD
SP001560,2024-01-03,30,Social,meta,paid_social,campaign_30,190,8,10.11,USD
SP001561,2024-01-04,30,Social,meta,paid_social,campaign_30,503,20,21.49,USD
SP001562,2024-01-05,30,Social,meta,paid_social,campaign_30,228,8,10.48,USD
SP001563,2024-01-06,30,Social,meta,paid_social,campaign_30,197,7,10.0,USD
SP001564,2023-10-26,31,Affiliate,affiliate_network,affiliate,campaign_31,271,8,10.49,USD
SP001565,2023-10-27,31,Affiliate,affiliate_network,affiliate,campaign_31,44,1,10.0,USD
SP001566,2023-10-28,31,Affiliate,affiliate_network,affiliate,campaign_31,119,4,10.0,USD
SP001567,2023-10-29,31,Affiliate,affiliate_network,affiliate,campaign_31,67,2,10.0,USD
SP001568,2023-10-30,31,Affiliate,affiliate_network,affiliate,campaign_31,177,5,10.0,USD
SP001569,2023-10-31,31,Affiliate,affiliate_network,affiliate,campaign_31,101,3,10.0,USD
SP001570,2023-11-01,31,Affiliate,affiliate_network,affiliate,campaign_31,112,3,10.0,USD
SP001571,2023-11-02,31,Affiliate,affiliate_network,affiliate,campaign_31,139,4,10.0,USD
SP001572,2023-11-03,31,Affiliate,affiliate_network,affiliate,campaign_31,206,6,10.0,USD
SP001573,2023-11-04,31,Affiliate,affiliate_network,affiliate,campaign_31,157,5,10.0,USD
SP001574,2023-11-05,31,Affiliate,affiliate_network,affiliate,campaign_31,180,5,10.0,USD
SP001575,2023-11-06,31,Affiliate,affiliate_network,affiliate,campaign_31,329,8,13.06,USD
SP001576,2023-11-07,31,Affiliate,affiliate_network,affiliate,campaign_31,329,9,11.75,USD
SP001577,2023-11-08,31,Affiliate,affiliate_network,affiliate,campaign_31,67,2,10.0,USD
SP001578,2023-11-09,31,Affiliate,affiliate_network,affiliate,campaign_31,37,1,10.0,USD
SP001579,2023-11-10,31,Affiliate,affiliate_network,affiliate,campaign_31,234,7,10.0,USD
SP001580,2023-11-11,31,Affiliate,affiliate_network,affiliate,campaign_31,248,7,10.0,USD
SP001581,2023-11-12,31,Affiliate,affiliate_network,affiliate,campaign_31,78,2,10.0,USD
SP001582,2023-11-13,31,Affiliate,affiliate_network,affiliate,campaign_31,68,2,10.0,USD
SP001583,2023-11-14,31,Affiliate,affiliate_network,affiliate,campaign_31,208,6,10.0,USD
SP001584,2023-11-15,31,Affiliate,affiliate_network,affiliate,campaign_31,134,4,10.0,USD
SP001585,2023-11-16,31,Affiliate,affiliate_network,affiliate,campaign_31,131,4,10.0,USD
SP001586,2023-11-17,31,Affiliate,affiliate_network,affiliate,campaign_31,94,3,10.0,USD
SP001587,2023-11-18,31,Affiliate,affiliate_network,affiliate,campaign_31,67,2,10.0,USD
SP001588,2023-11-19,31,Affiliate,affiliate_network,affiliate,campaign_31,139,4,10.0,USD
SP001589,2023-11-20,31,Affiliate,affiliate_network,affiliate,campaign_31,67,2,10.0,USD
SP001590,2023-11-21,31,Affiliate,affiliate_network,affiliate,campaign_31,37,1,10.0,USD
SP001591,2023-11-22,31,Affiliate,affiliate_network,affiliate,campaign_31,112,3,10.0,USD
SP001592,2023-11-23,31,Affiliate,affiliate_network,affiliate,campaign_31,93,3,10.0,USD
SP001593,2023-11-24,31,Affiliate,affiliate_network,affiliate,campaign_31,75,2,10.0,USD
SP001594,2023-11-25,31,Affiliate,affiliate_network,affiliate,campaign_31,116,3,10.0,USD
SP001595,2023-11-26,31,Affiliate,affiliate_network,affiliate,campaign_31,101,3,10.0,USD
SP001596,2023-11-27,31,Affiliate,affiliate_network,affiliate,campaign_31,74,2,10.0,USD
SP001597,2023-11-28,31,Affiliate,affiliate_network,affiliate,campaign_31,292,8,12.66,USD
SP001598,2023-11-29,31,Affiliate,affiliate_network,affiliate,campaign_31,137,4,10.0,USD
SP001599,2023-11-30,31,Affiliate,affiliate_network,affiliate,campaign_31,112,3,10.0,USD
SP001600,2023-12-01,31,Affiliate,affiliate_network,affiliate,campaign_31,139,4,10.0,USD
SP001601,2023-12-02,31,Affiliate,affiliate_network,affiliate,campaign_31,72,2,10.0,USD
SP001602,2023-12-03,31,Affiliate,affiliate_network,affiliate,campaign_31,65,2,10.0,USD
SP001603,2021-08-05,32,Social,meta,paid_social,campaign_32,131,5,10.0,USD
SP001604,2021-08-06,32,Social,meta,paid_social,campaign_32,60,2,10.0,USD
SP001605,2021-08-07,32,Social,meta,paid_social,campaign_32,55,2,10.0,USD
SP001606,2021-08-08,32,Social,meta,paid_social,campaign_32,258,10,13.38,USD
SP001607,2021-08-09,32,Social,meta,paid_social,campaign_32,157,5,10.0,USD
SP001608,2021-08-10,32,Social,meta,paid_social,campaign_32,201,7,10.0,USD
SP001609,2021-08-11,32,Social,meta,paid_social,campaign_32,83,3,10.0,USD
SP001610,2021-08-12,32,Social,meta,paid_social,campaign_32,126,4,10.0,USD
SP001611,2021-08-13,32,Social,meta,paid_social,campaign_32,97,4,10.0,USD
SP001612,2021-08-14,32,Social,meta,paid_social,campaign_32,207,7,10.0,USD
SP001613,2021-08-15,32,Social,meta,paid_social,campaign_32,73,3,10.0,USD
SP001614,2021-08-16,32,Social,meta,paid_social,campaign_32,30,1,10.0,USD
SP001615,2021-08-17,32,Social,meta,paid_social,campaign_32,278,9,10.56,USD
SP001616,2021-08-18,32,Social,meta,paid_social,campaign_32,111,4,10.0,USD
SP001617,2021-08-19,32,Social,meta,paid_social,campaign_32,194,5,10.0,USD
SP001618,2021-08-20,32,Social,meta,paid_social,campaign_32,56,2,10.0,USD
SP001619,2021-08-21,32,Social,meta,paid_social,campaign_32,55,2,10.0,USD
SP001620,2021-08-22,32,Social,meta,paid_social,campaign_32,147,5,10.0,USD
SP001621,2021-08-23,32,Social,meta,paid_social,campaign_32,88,3,10.0,USD
SP001622,2021-08-24,32,Social,meta,paid_social,campaign_32,90,3,10.0,USD
SP001623,2021-08-25,32,Social,meta,paid_social,campaign_32,115,4,10.0,USD
SP001624,2021-08-26,32,Social,meta,paid_social,campaign_32,99,4,10.0,USD
SP001625,2021-08-27,32,Social,meta,paid_social,campaign_32,104,4,10.0,USD
SP001626,2021-08-28,32,Social,meta,paid_social,campaign_32,58,2,10.0,USD
SP001627,2021-08-29,32,Social,meta,paid_social,campaign_32,177,6,10.0,USD
SP001628,2021-08-30,32,Social,meta,paid_social,campaign_32,184,7,10.0,USD
SP001629,2021-08-31,32,Social,meta,paid_social,campaign_32,56,2,10.0,USD
SP001630,2021-09-01,32,Social,meta,paid_social,campaign_32,190,6,10.0,USD
SP001631,2021-09-02,32,Social,meta,paid_social,campaign_32,29,1,10.0,USD
SP001632,2021-09-03,32,Social,meta,paid_social,campaign_32,50,2,10.0,USD
SP001633,2021-09-04,32,Social,meta,paid_social,campaign_32,54,2,10.0,USD
SP001634,2021-09-05,32,Social,meta,paid_social,campaign_32,30,1,10.0,USD
SP001635,2021-09-06,32,Social,meta,paid_social,campaign_32,33,1,10.0,USD
SP001636,2021-09-07,32,Social,meta,paid_social,campaign_32,28,1,10.0,USD
SP001637,2021-09-08,32,Social,meta,paid_social,campaign_32,142,5,10.0,USD
SP001638,2021-09-09,32,Social,meta,paid_social,campaign_32,58,2,10.0,USD
SP001639,2021-09-10,32,Social,meta,paid_social,campaign_32,79,3,10.0,USD
SP001640,2021-09-11,32,Social,meta,paid_social,campaign_32,135,5,10.0,USD
SP001641,2021-09-12,32,Social,meta,paid_social,campaign_32,430,13,13.58,USD
SP001642,2021-09-13,32,Social,meta,paid_social,campaign_32,170,6,10.0,USD
SP001643,2021-09-14,32,Social,meta,paid_social,campaign_32,97,3,10.0,USD
SP001644,2021-09-15,32,Social,meta,paid_social,campaign_32,89,3,10.0,USD
SP001645,2021-09-16,32,Social,meta,paid_social,campaign_32,130,4,10.0,USD
SP001646,2021-09-17,32,Social,meta,paid_social,campaign_32,65,2,10.0,USD
SP001647,2021-09-18,32,Social,meta,paid_social,campaign_32,69,2,10.0,USD
SP001648,2021-09-19,32,Social,meta,paid_social,campaign_32,82,3,10.0,USD
SP001649,2021-09-20,32,Social,meta,paid_social,campaign_32,55,2,10.0,USD
SP001650,2021-09-21,32,Social,meta,paid_social,campaign_32,114,4,10.0,USD
SP001651,2021-09-22,32,Social,meta,paid_social,campaign_32,90,3,10.0,USD
SP001652,2021-09-23,32,Social,meta,paid_social,campaign_32,197,6,10.0,USD
SP001653,2021-09-24,32,Social,meta,paid_social,campaign_32,166,6,10.0,USD
SP001654,2021-09-25,32,Social,meta,paid_social,campaign_32,124,4,10.0,USD
SP001655,2021-09-26,32,Social,meta,paid_social,campaign_32,95,3,10.0,USD
SP001656,2021-09-27,32,Social,meta,paid_social,campaign_32,176,6,10.0,USD
SP001657,2021-09-28,32,Social,meta,paid_social,campaign_32,228,7,10.0,USD
SP001658,2021-09-29,32,Social,meta,paid_social,campaign_32,112,3,10.0,USD
SP001659,2021-09-30,32,Social,meta,paid_social,campaign_32,134,5,10.0,USD
SP001660,2021-10-01,32,Social,meta,paid_social,campaign_32,132,4,10.0,USD
SP001661,2021-10-02,32,Social,meta,paid_social,campaign_32,92,3,10.0,USD
SP001662,2021-10-03,32,Social,meta,paid_social,campaign_32,54,2,10.0,USD
SP001663,2021-10-04,32,Social,meta,paid_social,campaign_32,169,5,10.0,USD
SP001664,2021-10-05,32,Social,meta,paid_social,campaign_32,170,5,10.0,USD
SP001665,2021-10-06,32,Social,meta,paid_social,campaign_32,34,1,10.0,USD
SP001666,2021-10-07,32,Social,meta,paid_social,campaign_32,96,3,10.0,USD
SP001667,2021-10-08,32,Social,meta,paid_social,campaign_32,101,4,10.0,USD
SP001668,2021-10-09,32,Social,meta,paid_social,campaign_32,210,7,10.0,USD
SP001669,2021-10-10,32,Social,meta,paid_social,campaign_32,221,6,10.0,USD
SP001670,2021-10-11,32,Social,meta,paid_social,campaign_32,89,3,10.0,USD
SP001671,2021-10-12,32,Social,meta,paid_social,campaign_32,112,4,10.0,USD
SP001672,2021-10-13,32,Social,meta,paid_social,campaign_32,83,3,10.0,USD
SP001673,2021-10-14,32,Social,meta,paid_social,campaign_32,224,7,10.0,USD
SP001674,2021-10-15,32,Social,meta,paid_social,campaign_32,83,3,10.0,USD
SP001675,2021-10-16,32,Social,meta,paid_social,campaign_32,254,10,11.21,USD
SP001676,2022-02-15,33,Display,google_display,display,campaign_33,147,2,10.0,USD
SP001677,2022-02-16,33,Display,google_display,display,campaign_33,587,7,10.0,USD
SP001678,2022-02-17,33,Display,google_display,display,campaign_33,270,3,10.0,USD
SP001679,2022-02-18,33,Display,google_display,display,campaign_33,84,1,10.0,USD
SP001680,2022-02-19,33,Display,google_display,display,campaign_33,166,2,10.0,USD
SP001681,2022-02-20,33,Display,google_display,display,campaign_33,361,4,10.0,USD
SP001682,2022-02-21,33,Display,google_display,display,campaign_33,178,2,10.0,USD
SP001683,2022-02-22,33,Display,google_display,display,campaign_33,147,2,10.0,USD
SP001684,2022-02-23,33,Display,google_display,display,campaign_33,158,2,10.0,USD
SP001685,2022-02-24,33,Display,google_display,display,campaign_33,171,2,10.0,USD
SP001686,2022-02-25,33,Display,google_display,display,campaign_33,185,2,10.0,USD
SP001687,2022-02-26,33,Display,google_display,display,campaign_33,89,1,10.0,USD
SP001688,2022-02-27,33,Display,google_display,display,campaign_33,494,5,10.0,USD
SP001689,2022-02-28,33,Display,google_display,display,campaign_33,163,2,10.0,USD
SP001690,2022-03-01,33,Display,google_display,display,campaign_33,268,3,10.0,USD
SP001691,2022-03-02,33,Display,google_display,display,campaign_33,323,4,10.0,USD
SP001692,2022-03-03,33,Display,google_display,display,campaign_33,310,4,10.0,USD
SP001693,2022-03-04,33,Display,google_display,display,campaign_33,161,2,10.0,USD
SP001694,2022-03-05,33,Display,google_display,display,campaign_33,173,2,10.0,USD
SP001695,2022-03-06,33,Display,google_display,display,campaign_33,181,2,10.0,USD
SP001696,2022-03-07,33,Display,google_display,display,campaign_33,563,6,10.0,USD
SP001697,2022-03-08,33,Display,google_display,display,campaign_33,372,5,10.0,USD
SP001698,2022-03-09,33,Display,google_display,display,campaign_33,405,5,10.0,USD
SP001699,2022-03-10,33,Display,google_display,display,campaign_33,86,1,10.0,USD
SP001700,2022-03-11,33,Display,google_display,display,campaign_33,236,3,10.0,USD
SP001701,2022-03-12,33,Display,google_display,display,campaign_33,76,1,10.0,USD
SP001702,2022-03-13,33,Display,google_display,display,campaign_33,89,1,10.0,USD
SP001703,2022-03-14,33,Display,google_display,display,campaign_33,488,6,10.0,USD
SP001704,2022-03-15,33,Display,google_display,display,campaign_33,81,1,10.0,USD
SP001705,2022-03-16,33,Display,google_display,display,campaign_33,912,12,10.0,USD
SP001706,2022-03-17,33,Display,google_display,display,campaign_33,83,1,10.0,USD
SP001707,2022-03-18,33,Display,google_display,display,campaign_33,322,4,10.0,USD
SP001708,2022-03-19,33,Display,google_display,display,campaign_33,197,2,10.0,USD
SP001709,2022-03-20,33,Display,google_display,display,campaign_33,369,4,10.0,USD
SP001710,2022-03-21,33,Display,google_display,display,campaign_33,78,1,10.0,USD
SP001711,2022-03-22,33,Display,google_display,display,campaign_33,245,3,10.0,USD
SP001712,2022-03-23,33,Display,google_display,display,campaign_33,349,4,10.0,USD
SP001713,2022-03-24,33,Display,google_display,display,campaign_33,236,3,10.0,USD
SP001714,2022-03-25,33,Display,google_display,display,campaign_33,164,2,10.0,USD
SP001715,2022-03-26,33,Display,google_display,display,campaign_33,83,1,10.0,USD
SP001716,2022-03-27,33,Display,google_display,display,campaign_33,339,4,10.0,USD
SP001717,2022-03-28,33,Display,google_display,display,campaign_33,423,5,10.0,USD
SP001718,2022-03-29,33,Display,google_display,display,campaign_33,292,3,10.0,USD
SP001719,2022-03-30,33,Display,google_display,display,campaign_33,254,3,10.0,USD
SP001720,2022-03-31,33,Display,google_display,display,campaign_33,353,4,10.0,USD
SP001721,2022-04-01,33,Display,google_display,display,campaign_33,248,3,10.0,USD
SP001722,2022-04-02,33,Display,google_display,display,campaign_33,253,3,10.0,USD
SP001723,2022-04-03,33,Display,google_display,display,campaign_33,264,3,10.0,USD
SP001724,2022-04-04,33,Display,google_display,display,campaign_33,402,5,10.0,USD
SP001725,2022-04-05,33,Display,google_display,display,campaign_33,520,6,10.0,USD
SP001726,2022-04-06,33,Display,google_display,display,campaign_33,156,2,10.0,USD
SP001727,2022-04-07,33,Display,google_display,display,campaign_33,421,5,10.0,USD
SP001728,2022-04-08,33,Display,google_display,display,campaign_33,75,1,10.0,USD
SP001729,2022-04-09,33,Display,google_display,display,campaign_33,267,3,10.0,USD
SP001730,2022-04-10,33,Display,google_display,display,campaign_33,240,3,10.0,USD
SP001731,2022-04-11,33,Display,google_display,display,campaign_33,168,2,10.0,USD
SP001732,2022-04-12,33,Display,google_display,display,campaign_33,677,6,10.0,USD
SP001733,2022-04-13,33,Display,google_display,display,campaign_33,347,4,10.0,USD
SP001734,2022-04-14,33,Display,google_display,display,campaign_33,450,6,10.0,USD
SP001735,2022-04-15,33,Display,google_display,display,campaign_33,413,5,10.0,USD
SP001736,2022-04-16,33,Display,google_display,display,campaign_33,302,4,10.0,USD
SP001737,2022-04-17,33,Display,google_display,display,campaign_33,545,6,10.0,USD
SP001738,2022-04-18,33,Display,google_display,display,campaign_33,262,3,10.0,USD
SP001739,2023-03-19,34,Email,email,email,campaign_34,145,8,10.0,USD
SP001740,2023-03-20,34,Email,email,email,campaign_34,72,3,10.0,USD
SP001741,2023-03-21,34,Email,email,email,campaign_34,63,3,10.0,USD
SP001742,2023-03-22,34,Email,email,email,campaign_34,84,4,10.0,USD
SP001743,2023-03-23,34,Email,email,email,campaign_34,106,5,10.0,USD
SP001744,2023-03-24,34,Email,email,email,campaign_34,21,1,10.0,USD
SP001745,2023-03-25,34,Email,email,email,campaign_34,72,3,10.0,USD
SP001746,2023-03-26,34,Email,email,email,campaign_34,138,6,10.0,USD
SP001747,2023-03-27,34,Email,email,email,campaign_34,117,4,10.0,USD
SP001748,2023-03-28,34,Email,email,email,campaign_34,78,4,10.0,USD
SP001749,2023-03-29,34,Email,email,email,campaign_34,168,8,10.0,USD
SP001750,2023-03-30,34,Email,email,email,campaign_34,95,4,10.0,USD
SP001751,2023-03-31,34,Email,email,email,campaign_34,121,5,10.0,USD
SP001752,2023-04-01,34,Email,email,email,campaign_34,140,7,10.0,USD
SP001753,2023-04-02,34,Email,email,email,campaign_34,143,6,10.0,USD
SP001754,2023-04-03,34,Email,email,email,campaign_34,143,6,10.0,USD
SP001755,2023-04-04,34,Email,email,email,campaign_34,123,5,10.0,USD
SP001756,2023-04-05,34,Email,email,email,campaign_34,21,1,10.0,USD
SP001757,2023-04-06,34,Email,email,email,campaign_34,121,6,10.0,USD
SP001758,2023-04-07,34,Email,email,email,campaign_34,182,8,10.0,USD
SP001759,2023-04-08,34,Email,email,email,campaign_34,40,2,10.0,USD
SP001760,2023-04-09,34,Email,email,email,campaign_34,43,2,10.0,USD
SP001761,2023-04-10,34,Email,email,email,campaign_34,149,6,10.0,USD
SP001762,2023-04-11,34,Email,email,email,campaign_34,39,2,10.0,USD
SP001763,2023-04-12,34,Email,email,email,campaign_34,49,2,10.0,USD
SP001764,2023-04-13,34,Email,email,email,campaign_34,45,2,10.0,USD
SP001765,2023-04-14,34,Email,email,email,campaign_34,23,1,10.0,USD
SP001766,2023-04-15,34,Email,email,email,campaign_34,46,2,10.0,USD
SP001767,2023-04-16,34,Email,email,email,campaign_34,54,2,10.0,USD
SP001768,2023-04-17,34,Email,email,email,campaign_34,56,3,10.0,USD
SP001769,2023-04-18,34,Email,email,email,campaign_34,54,2,10.0,USD
SP001770,2023-04-19,34,Email,email,email,campaign_34,97,5,10.0,USD
SP001771,2023-04-20,34,Email,email,email,campaign_34,97,4,10.0,USD
SP001772,2023-04-21,34,Email,email,email,campaign_34,103,4,10.0,USD
SP001773,2023-04-22,34,Email,email,email,campaign_34,63,3,10.0,USD
SP001774,2023-04-23,34,Email,email,email,campaign_34,114,5,10.0,USD
SP001775,2023-04-24,34,Email,email,email,campaign_34,150,6,10.0,USD
SP001776,2023-04-25,34,Email,email,email,campaign_34,135,6,10.0,USD
SP001777,2023-04-26,34,Email,email,email,campaign_34,80,4,10.0,USD
SP001778,2023-04-27,34,Email,email,email,campaign_34,110,5,10.0,USD
SP001779,2023-04-28,34,Email,email,email,campaign_34,49,2,10.0,USD
SP001780,2023-04-29,34,Email,email,email,campaign_34,50,2,10.0,USD
SP001781,2023-04-30,34,Email,email,email,campaign_34,85,4,10.0,USD
SP001782,2023-05-01,34,Email,email,email,campaign_34,56,2,10.0,USD
SP001783,2023-05-02,34,Email,email,email,campaign_34,59,3,10.0,USD
SP001784,2023-05-03,34,Email,email,email,campaign_34,78,3,10.0,USD
SP001785,2023-05-04,34,Email,email,email,campaign_34,67,3,10.0,USD
SP001786,2023-05-05,34,Email,email,email,campaign_34,64,3,10.0,USD
SP001787,2023-05-06,34,Email,email,email,campaign_34,72,3,10.0,USD
SP001788,2023-05-07,34,Email,email,email,campaign_34,101,5,10.0,USD
SP001789,2023-05-08,34,Email,email,email,campaign_34,210,10,10.0,USD
SP001790,2023-05-09,34,Email,email,email,campaign_34,59,3,10.0,USD
SP001791,2023-05-10,34,Email,email,email,campaign_34,22,1,10.0,USD
SP001792,2023-05-11,34,Email,email,email,campaign_34,155,7,10.0,USD
SP001793,2023-05-12,34,Email,email,email,campaign_34,60,3,10.0,USD
SP001794,2023-05-13,34,Email,email,email,campaign_34,66,3,10.0,USD
SP001795,2022-11-06,35,Display,google_display,display,campaign_35,553,7,10.0,USD
SP001796,2022-11-07,35,Display,google_display,display,campaign_35,169,2,10.0,USD
SP001797,2022-11-08,35,Display,google_display,display,campaign_35,297,4,10.0,USD
SP001798,2022-11-09,35,Display,google_display,display,campaign_35,284,4,10.0,USD
SP001799,2022-11-10,35,Display,google_display,display,campaign_35,358,5,10.0,USD
SP001800,2022-11-11,35,Display,google_display,display,campaign_35,63,1,10.0,USD
SP001801,2022-11-12,35,Display,google_display,display,campaign_35,269,3,10.0,USD
SP001802,2022-11-13,35,Display,google_display,display,campaign_35,481,6,10.0,USD
SP001803,2022-11-14,35,Display,google_display,display,campaign_35,536,6,10.0,USD
SP001804,2022-11-15,35,Display,google_display,display,campaign_35,373,5,10.0,USD
SP001805,2022-11-16,35,Display,google_display,display,campaign_35,461,5,10.0,USD
SP001806,2022-11-17,35,Display,google_display,display,campaign_35,371,5,10.0,USD
SP001807,2022-11-18,35,Display,google_display,display,campaign_35,653,8,10.0,USD
SP001808,2022-11-19,35,Display,google_display,display,campaign_35,504,6,10.0,USD
SP001809,2022-11-20,35,Display,google_display,display,campaign_35,831,10,10.0,USD
SP001810,2022-11-21,35,Display,google_display,display,campaign_35,375,4,10.0,USD
SP001811,2022-11-22,35,Display,google_display,display,campaign_35,372,4,10.0,USD
SP001812,2022-11-23,35,Display,google_display,display,campaign_35,163,2,10.0,USD
SP001813,2022-11-24,35,Display,google_display,display,campaign_35,326,4,10.0,USD
SP001814,2022-11-25,35,Display,google_display,display,campaign_35,178,2,10.0,USD
SP001815,2022-11-26,35,Display,google_display,display,campaign_35,171,2,10.0,USD
SP001816,2023-04-03,36,Display,google_display,display,campaign_36,397,5,10.0,USD
SP001817,2023-04-04,36,Display,google_display,display,campaign_36,181,2,10.0,USD
SP001818,2023-04-05,36,Display,google_display,display,campaign_36,504,5,10.0,USD
SP001819,2023-04-06,36,Display,google_display,display,campaign_36,290,4,10.0,USD
SP001820,2023-04-07,36,Display,google_display,display,campaign_36,597,8,10.0,USD
SP001821,2023-04-08,36,Display,google_display,display,campaign_36,859,9,10.0,USD
SP001822,2023-04-09,36,Display,google_display,display,campaign_36,241,3,10.0,USD
SP001823,2023-04-10,36,Display,google_display,display,campaign_36,401,5,10.0,USD
SP001824,2023-04-11,36,Display,google_display,display,campaign_36,77,1,10.0,USD
SP001825,2023-04-12,36,Display,google_display,display,campaign_36,433,5,10.0,USD
SP001826,2023-04-13,36,Display,google_display,display,campaign_36,657,9,10.0,USD
SP001827,2023-04-14,36,Display,google_display,display,campaign_36,463,6,10.0,USD
SP001828,2023-04-15,36,Display,google_display,display,campaign_36,174,2,10.0,USD
SP001829,2023-04-16,36,Display,google_display,display,campaign_36,359,4,10.0,USD
SP001830,2023-04-17,36,Display,google_display,display,campaign_36,169,2,10.0,USD
SP001831,2023-04-18,36,Display,google_display,display,campaign_36,262,3,10.0,USD
SP001832,2023-04-19,36,Display,google_display,display,campaign_36,365,4,10.0,USD
SP001833,2023-04-20,36,Display,google_display,display,campaign_36,248,3,10.0,USD
SP001834,2023-04-21,36,Display,google_display,display,campaign_36,667,8,10.0,USD
SP001835,2023-04-22,36,Display,google_display,display,campaign_36,276,4,10.0,USD
SP001836,2023-04-23,36,Display,google_display,display,campaign_36,219,2,10.0,USD
SP001837,2023-04-24,36,Display,google_display,display,campaign_36,498,6,10.0,USD
SP001838,2023-04-25,36,Display,google_display,display,campaign_36,161,2,10.0,USD
SP001839,2023-04-26,36,Display,google_display,display,campaign_36,84,1,10.0,USD
SP001840,2023-04-27,36,Display,google_display,display,campaign_36,393,5,10.0,USD
SP001841,2023-04-28,36,Display,google_display,display,campaign_36,368,4,10.0,USD
SP001842,2023-04-29,36,Display,google_display,display,campaign_36,269,3,10.0,USD
SP001843,2023-04-30,36,Display,google_display,display,campaign_36,392,4,10.0,USD
SP001844,2023-05-01,36,Display,google_display,display,campaign_36,460,5,10.0,USD
SP001845,2023-05-02,36,Display,google_display,display,campaign_36,226,3,10.0,USD
SP001846,2023-05-03,36,Display,google_display,display,campaign_36,315,4,10.0,USD
SP001847,2023-05-04,36,Display,google_display,display,campaign_36,525,6,10.0,USD
SP001848,2023-05-05,36,Display,google_display,display,campaign_36,342,4,10.0,USD
SP001849,2023-05-06,36,Display,google_display,display,campaign_36,150,2,10.0,USD
SP001850,2023-05-07,36,Display,google_display,display,campaign_36,175,2,10.0,USD
SP001851,2023-05-08,36,Display,google_display,display,campaign_36,80,1,10.0,USD
SP001852,2023-05-09,36,Display,google_display,display,campaign_36,430,4,10.0,USD
SP001853,2023-05-10,36,Display,google_display,display,campaign_36,555,7,10.0,USD
SP001854,2023-05-11,36,Display,google_display,display,campaign_36,282,3,10.0,USD
SP001855,2023-05-12,36,Display,google_display,display,campaign_36,98,1,10.0,USD
SP001856,2023-05-13,36,Display,google_display,display,campaign_36,360,4,10.0,USD
SP001857,2023-05-14,36,Display,google_display,display,campaign_36,173,2,10.0,USD
SP001858,2023-05-15,36,Display,google_display,display,campaign_36,279,4,10.0,USD
SP001859,2023-05-16,36,Display,google_display,display,campaign_36,161,2,10.0,USD
SP001860,2023-05-17,36,Display,google_display,display,campaign_36,354,4,10.0,USD
SP001861,2023-05-18,36,Display,google_display,display,campaign_36,304,4,10.0,USD
SP001862,2023-05-19,36,Display,google_display,display,campaign_36,170,2,10.0,USD
SP001863,2023-05-20,36,Display,google_display,display,campaign_36,78,1,10.0,USD
SP001864,2023-05-21,36,Display,google_display,display,campaign_36,266,3,10.0,USD
SP001865,2023-05-22,36,Display,google_display,display,campaign_36,354,5,10.0,USD
SP001866,2023-05-23,36,Display,google_display,display,campaign_36,748,7,10.0,USD
SP001867,2023-05-24,36,Display,google_display,display,campaign_36,591,7,10.0,USD
SP001868,2023-05-25,36,Display,google_display,display,campaign_36,480,5,10.0,USD
SP001869,2023-05-26,36,Display,google_display,display,campaign_36,242,3,10.0,USD
SP001870,2023-05-27,36,Display,google_display,display,campaign_36,358,4,10.0,USD
SP001871,2023-05-28,36,Display,google_display,display,campaign_36,87,1,10.0,USD
SP001872,2023-05-29,36,Display,google_display,display,campaign_36,236,3,10.0,USD
SP001873,2023-05-30,36,Display,google_display,display,campaign_36,216,3,10.0,USD
SP001874,2023-05-31,36,Display,google_display,display,campaign_36,295,4,10.0,USD
SP001875,2023-06-01,36,Display,google_display,display,campaign_36,612,7,10.0,USD
SP001876,2023-06-02,36,Display,google_display,display,campaign_36,591,7,10.0,USD
SP001877,2023-06-03,36,Display,google_display,display,campaign_36,180,2,10.0,USD
SP001878,2023-06-04,36,Display,google_display,display,campaign_36,182,2,10.0,USD
SP001879,2023-06-05,36,Display,google_display,display,campaign_36,242,3,10.0,USD
SP001880,2023-06-06,36,Display,google_display,display,campaign_36,440,6,10.0,USD
SP001881,2023-06-07,36,Display,google_display,display,campaign_36,155,2,10.0,USD
SP001882,2023-06-08,36,Display,google_display,display,campaign_36,448,5,10.0,USD
SP001883,2023-06-09,36,Display,google_display,display,campaign_36,311,4,10.0,USD
SP001884,2023-06-10,36,Display,google_display,display,campaign_36,290,3,10.0,USD
SP001885,2022-10-20,37,Paid Search,google,cpc,campaign_37,43,2,10.0,USD
SP001886,2022-10-21,37,Paid Search,google,cpc,campaign_37,109,5,11.77,USD
SP001887,2022-10-22,37,Paid Search,google,cpc,campaign_37,88,5,10.68,USD
SP001888,2022-10-23,37,Paid Search,google,cpc,campaign_37,134,8,15.13,USD
SP001889,2022-10-24,37,Paid Search,google,cpc,campaign_37,34,2,10.0,USD
SP001890,2022-10-25,37,Paid Search,google,cpc,campaign_37,80,4,10.0,USD
SP001891,2022-10-26,37,Paid Search,google,cpc,campaign_37,96,6,12.31,USD
SP001892,2022-10-27,37,Paid Search,google,cpc,campaign_37,79,4,10.0,USD
SP001893,2022-10-28,37,Paid Search,google,cpc,campaign_37,84,4,10.0,USD
SP001894,2022-10-29,37,Paid Search,google,cpc,campaign_37,155,8,18.3,USD
SP001895,2022-10-30,37,Paid Search,google,cpc,campaign_37,69,4,10.02,USD
SP001896,2022-10-31,37,Paid Search,google,cpc,campaign_37,56,3,10.0,USD
SP001897,2022-11-01,37,Paid Search,google,cpc,campaign_37,99,5,10.04,USD
SP001898,2022-11-02,37,Paid Search,google,cpc,campaign_37,138,7,13.49,USD
SP001899,2022-11-03,37,Paid Search,google,cpc,campaign_37,33,2,10.0,USD
SP001900,2022-11-04,37,Paid Search,google,cpc,campaign_37,52,3,10.0,USD
SP001901,2022-11-05,37,Paid Search,google,cpc,campaign_37,275,14,29.55,USD
SP001902,2022-11-06,37,Paid Search,google,cpc,campaign_37,123,7,16.26,USD
SP001903,2022-11-07,37,Paid Search,google,cpc,campaign_37,115,6,15.52,USD
SP001904,2022-11-08,37,Paid Search,google,cpc,campaign_37,53,3,10.0,USD
SP001905,2022-11-09,37,Paid Search,google,cpc,campaign_37,168,9,17.72,USD
SP001906,2022-11-10,37,Paid Search,google,cpc,campaign_37,65,4,10.0,USD
SP001907,2022-11-11,37,Paid Search,google,cpc,campaign_37,72,4,10.0,USD
SP001908,2022-11-12,37,Paid Search,google,cpc,campaign_37,50,3,10.0,USD
SP001909,2022-11-13,37,Paid Search,google,cpc,campaign_37,75,4,10.0,USD
SP001910,2022-11-14,37,Paid Search,google,cpc,campaign_37,142,7,14.08,USD
SP001911,2022-11-15,37,Paid Search,google,cpc,campaign_37,18,1,10.0,USD
SP001912,2022-11-16,37,Paid Search,google,cpc,campaign_37,66,4,10.0,USD
SP001913,2022-11-17,37,Paid Search,google,cpc,campaign_37,19,1,10.0,USD
SP001914,2022-11-18,37,Paid Search,google,cpc,campaign_37,59,3,10.0,USD
SP001915,2022-11-19,37,Paid Search,google,cpc,campaign_37,100,6,11.99,USD
SP001916,2022-11-20,37,Paid Search,google,cpc,campaign_37,77,5,10.08,USD
SP001917,2022-11-21,37,Paid Search,google,cpc,campaign_37,55,3,10.0,USD
SP001918,2022-11-22,37,Paid Search,google,cpc,campaign_37,120,6,12.41,USD
SP001919,2022-11-23,37,Paid Search,google,cpc,campaign_37,41,2,10.0,USD
SP001920,2022-11-24,37,Paid Search,google,cpc,campaign_37,49,3,10.0,USD
SP001921,2022-11-25,37,Paid Search,google,cpc,campaign_37,89,4,10.0,USD
SP001922,2022-11-26,37,Paid Search,google,cpc,campaign_37,17,1,10.0,USD
SP001923,2022-11-27,37,Paid Search,google,cpc,campaign_37,25,1,10.0,USD
SP001924,2022-11-28,37,Paid Search,google,cpc,campaign_37,72,4,10.0,USD
SP001925,2022-11-29,37,Paid Search,google,cpc,campaign_37,99,6,11.9,USD
SP001926,2022-11-30,37,Paid Search,google,cpc,campaign_37,39,2,10.0,USD
SP001927,2022-12-01,37,Paid Search,google,cpc,campaign_37,77,5,10.0,USD
SP001928,2021-12-18,38,Paid Search,google,cpc,campaign_38,18,1,10.0,USD
SP001929,2021-12-19,38,Paid Search,google,cpc,campaign_38,51,3,10.0,USD
SP001930,2021-12-20,38,Paid Search,google,cpc,campaign_38,120,7,14.65,USD
SP001931,2021-12-21,38,Paid Search,google,cpc,campaign_38,70,4,10.0,USD
SP001932,2021-12-22,38,Paid Search,google,cpc,campaign_38,69,4,10.0,USD
SP001933,2021-12-23,38,Paid Search,google,cpc,campaign_38,79,3,10.0,USD
SP001934,2021-12-24,38,Paid Search,google,cpc,campaign_38,68,4,10.02,USD
SP001935,2021-12-25,38,Paid Search,google,cpc,campaign_38,140,7,13.33,USD
SP001936,2021-12-26,38,Paid Search,google,cpc,campaign_38,129,7,16.84,USD
SP001937,2021-12-27,38,Paid Search,google,cpc,campaign_38,18,1,10.0,USD
SP001938,2021-12-28,38,Paid Search,google,cpc,campaign_38,49,3,10.0,USD
SP001939,2021-12-29,38,Paid Search,google,cpc,campaign_38,60,3,10.0,USD
SP001940,2021-12-30,38,Paid Search,google,cpc,campaign_38,76,4,10.0,USD
SP001941,2021-12-31,38,Paid Search,google,cpc,campaign_38,94,5,11.78,USD
SP001942,2022-01-01,38,Paid Search,google,cpc,campaign_38,54,3,10.0,USD
SP001943,2022-01-02,38,Paid Search,google,cpc,campaign_38,112,6,14.6,USD
SP001944,2022-01-03,38,Paid Search,google,cpc,campaign_38,35,2,10.0,USD
SP001945,2022-01-04,38,Paid Search,google,cpc,campaign_38,22,1,10.0,USD
SP001946,2022-01-05,38,Paid Search,google,cpc,campaign_38,19,1,10.0,USD
SP001947,2022-01-06,38,Paid Search,google,cpc,campaign_38,63,4,10.0,USD
SP001948,2022-01-07,38,Paid Search,google,cpc,campaign_38,75,4,10.0,USD
SP001949,2022-01-08,38,Paid Search,google,cpc,campaign_38,70,4,10.0,USD
SP001950,2022-01-09,38,Paid Search,google,cpc,campaign_38,50,3,10.0,USD
SP001951,2022-01-10,38,Paid Search,google,cpc,campaign_38,106,6,12.06,USD
SP001952,2022-01-11,38,Paid Search,google,cpc,campaign_38,46,3,10.0,USD
SP001953,2022-01-12,38,Paid Search,google,cpc,campaign_38,91,5,10.0,USD
SP001954,2022-01-13,38,Paid Search,google,cpc,campaign_38,86,5,11.32,USD
SP001955,2022-01-14,38,Paid Search,google,cpc,campaign_38,89,5,11.57,USD
SP001956,2022-01-15,38,Paid Search,google,cpc,campaign_38,80,5,10.57,USD
SP001957,2022-01-16,38,Paid Search,google,cpc,campaign_38,38,2,10.0,USD
SP001958,2022-01-17,38,Paid Search,google,cpc,campaign_38,30,2,10.0,USD
SP001959,2022-01-18,38,Paid Search,google,cpc,campaign_38,78,4,10.14,USD
SP001960,2022-01-19,38,Paid Search,google,cpc,campaign_38,78,5,10.21,USD
SP001961,2022-01-20,38,Paid Search,google,cpc,campaign_38,40,2,10.0,USD
SP001962,2022-01-21,38,Paid Search,google,cpc,campaign_38,17,1,10.0,USD
SP001963,2022-01-22,38,Paid Search,google,cpc,campaign_38,110,6,14.0,USD
SP001964,2022-01-23,38,Paid Search,google,cpc,campaign_38,101,6,12.2,USD
SP001965,2022-01-24,38,Paid Search,google,cpc,campaign_38,88,5,10.39,USD
SP001966,2022-01-25,38,Paid Search,google,cpc,campaign_38,84,5,10.0,USD
SP001967,2022-01-26,38,Paid Search,google,cpc,campaign_38,61,3,10.0,USD
SP001968,2022-01-27,38,Paid Search,google,cpc,campaign_38,43,2,10.0,USD
SP001969,2022-01-28,38,Paid Search,google,cpc,campaign_38,41,2,10.0,USD
SP001970,2022-01-29,38,Paid Search,google,cpc,campaign_38,103,5,11.1,USD
SP001971,2022-01-30,38,Paid Search,google,cpc,campaign_38,81,4,10.0,USD
SP001972,2022-01-31,38,Paid Search,google,cpc,campaign_38,19,1,10.0,USD
SP001973,2023-03-08,39,Affiliate,affiliate_network,affiliate,campaign_39,190,5,10.0,USD
SP001974,2023-03-09,39,Affiliate,affiliate_network,affiliate,campaign_39,107,3,10.0,USD
SP001975,2023-03-10,39,Affiliate,affiliate_network,affiliate,campaign_39,39,1,10.0,USD
SP001976,2023-03-11,39,Affiliate,affiliate_network,affiliate,campaign_39,116,3,10.0,USD
SP001977,2023-03-12,39,Affiliate,affiliate_network,affiliate,campaign_39,110,3,10.0,USD
SP001978,2023-03-13,39,Affiliate,affiliate_network,affiliate,campaign_39,195,6,10.0,USD
SP001979,2023-03-14,39,Affiliate,affiliate_network,affiliate,campaign_39,150,4,10.0,USD
SP001980,2023-03-15,39,Affiliate,affiliate_network,affiliate,campaign_39,72,2,10.0,USD
SP001981,2023-03-16,39,Affiliate,affiliate_network,affiliate,campaign_39,106,3,10.0,USD
SP001982,2023-03-17,39,Affiliate,affiliate_network,affiliate,campaign_39,39,1,10.0,USD
SP001983,2023-03-18,39,Affiliate,affiliate_network,affiliate,campaign_39,111,3,10.0,USD
SP001984,2023-03-19,39,Affiliate,affiliate_network,affiliate,campaign_39,38,1,10.0,USD
SP001985,2023-03-20,39,Affiliate,affiliate_network,affiliate,campaign_39,131,4,10.0,USD
SP001986,2023-03-21,39,Affiliate,affiliate_network,affiliate,campaign_39,33,1,10.0,USD
SP001987,2023-03-22,39,Affiliate,affiliate_network,affiliate,campaign_39,155,4,10.0,USD
SP001988,2023-03-23,39,Affiliate,affiliate_network,affiliate,campaign_39,144,4,10.0,USD
SP001989,2023-03-24,39,Affiliate,affiliate_network,affiliate,campaign_39,135,4,10.0,USD
SP001990,2023-03-25,39,Affiliate,affiliate_network,affiliate,campaign_39,70,2,10.0,USD
SP001991,2023-03-26,39,Affiliate,affiliate_network,affiliate,campaign_39,69,2,10.0,USD
SP001992,2023-03-27,39,Affiliate,affiliate_network,affiliate,campaign_39,118,3,10.0,USD
SP001993,2023-03-28,39,Affiliate,affiliate_network,affiliate,campaign_39,123,4,10.0,USD
SP001994,2023-03-29,39,Affiliate,affiliate_network,affiliate,campaign_39,76,2,10.0,USD
SP001995,2023-03-30,39,Affiliate,affiliate_network,affiliate,campaign_39,76,2,10.0,USD
SP001996,2023-03-31,39,Affiliate,affiliate_network,affiliate,campaign_39,123,3,10.0,USD
SP001997,2023-04-01,39,Affiliate,affiliate_network,affiliate,campaign_39,182,5,10.0,USD
SP001998,2023-04-02,39,Affiliate,affiliate_network,affiliate,campaign_39,96,3,10.0,USD
SP001999,2023-04-03,39,Affiliate,affiliate_network,affiliate,campaign_39,104,3,10.0,USD
SP002000,2023-04-04,39,Affiliate,affiliate_network,affiliate,campaign_39,181,5,10.0,USD
SP002001,2023-04-05,39,Affiliate,affiliate_network,affiliate,campaign_39,133,4,10.0,USD
SP002002,2023-04-06,39,Affiliate,affiliate_network,affiliate,campaign_39,64,2,10.0,USD
SP002003,2023-04-07,39,Affiliate,affiliate_network,affiliate,campaign_39,165,5,10.0,USD
SP002004,2023-04-08,39,Affiliate,affiliate_network,affiliate,campaign_39,174,4,10.0,USD
SP002005,2023-04-09,39,Affiliate,affiliate_network,affiliate,campaign_39,67,2,10.0,USD
SP002006,2023-04-10,39,Affiliate,affiliate_network,affiliate,campaign_39,69,2,10.0,USD
SP002007,2023-04-11,39,Affiliate,affiliate_network,affiliate,campaign_39,233,6,10.0,USD
SP002008,2023-04-12,39,Affiliate,affiliate_network,affiliate,campaign_39,137,4,10.0,USD
SP002009,2023-04-13,39,Affiliate,affiliate_network,affiliate,campaign_39,129,4,10.0,USD
SP002010,2023-04-14,39,Affiliate,affiliate_network,affiliate,campaign_39,265,7,11.11,USD
SP002011,2023-04-15,39,Affiliate,affiliate_network,affiliate,campaign_39,99,3,10.0,USD
SP002012,2023-04-16,39,Affiliate,affiliate_network,affiliate,campaign_39,243,7,10.0,USD
SP002013,2023-04-17,39,Affiliate,affiliate_network,affiliate,campaign_39,98,2,10.0,USD
SP002014,2023-04-18,39,Affiliate,affiliate_network,affiliate,campaign_39,108,3,10.0,USD
SP002015,2023-04-19,39,Affiliate,affiliate_network,affiliate,campaign_39,221,6,10.0,USD
SP002016,2023-04-20,39,Affiliate,affiliate_network,affiliate,campaign_39,92,2,10.0,USD
SP002017,2023-04-21,39,Affiliate,affiliate_network,affiliate,campaign_39,71,2,10.0,USD
SP002018,2023-04-22,39,Affiliate,affiliate_network,affiliate,campaign_39,98,3,10.0,USD
SP002019,2023-04-23,39,Affiliate,affiliate_network,affiliate,campaign_39,36,1,10.0,USD
SP002020,2023-04-24,39,Affiliate,affiliate_network,affiliate,campaign_39,72,2,10.0,USD
SP002021,2023-04-25,39,Affiliate,affiliate_network,affiliate,campaign_39,180,5,10.0,USD
SP002022,2023-04-26,39,Affiliate,affiliate_network,affiliate,campaign_39,174,5,10.0,USD
SP002023,2023-04-27,39,Affiliate,affiliate_network,affiliate,campaign_39,204,5,10.0,USD
SP002024,2023-04-28,39,Affiliate,affiliate_network,affiliate,campaign_39,173,4,10.0,USD
SP002025,2023-04-29,39,Affiliate,affiliate_network,affiliate,campaign_39,348,10,14.4,USD
SP002026,2023-04-30,39,Affiliate,affiliate_network,affiliate,campaign_39,250,6,10.0,USD
SP002027,2023-05-01,39,Affiliate,affiliate_network,affiliate,campaign_39,114,3,10.0,USD
SP002028,2023-05-02,39,Affiliate,affiliate_network,affiliate,campaign_39,132,4,10.0,USD
SP002029,2023-05-03,39,Affiliate,affiliate_network,affiliate,campaign_39,151,4,10.0,USD
SP002030,2023-05-04,39,Affiliate,affiliate_network,affiliate,campaign_39,167,6,10.0,USD
SP002031,2023-05-05,39,Affiliate,affiliate_network,affiliate,campaign_39,62,2,10.0,USD
SP002032,2023-05-06,39,Affiliate,affiliate_network,affiliate,campaign_39,276,8,13.15,USD
SP002033,2023-05-07,39,Affiliate,affiliate_network,affiliate,campaign_39,97,3,10.0,USD
SP002034,2023-05-08,39,Affiliate,affiliate_network,affiliate,campaign_39,154,5,10.0,USD
SP002035,2023-05-09,39,Affiliate,affiliate_network,affiliate,campaign_39,146,3,10.0,USD
SP002036,2023-05-10,39,Affiliate,affiliate_network,affiliate,campaign_39,67,2,10.0,USD
SP002037,2023-05-11,39,Affiliate,affiliate_network,affiliate,campaign_39,100,3,10.0,USD
SP002038,2022-07-25,40,Display,google_display,display,campaign_40,383,4,10.0,USD
SP002039,2022-07-26,40,Display,google_display,display,campaign_40,249,3,10.0,USD
SP002040,2022-07-27,40,Display,google_display,display,campaign_40,371,5,10.0,USD
SP002041,2022-07-28,40,Display,google_display,display,campaign_40,81,1,10.0,USD
SP002042,2022-07-29,40,Display,google_display,display,campaign_40,493,5,10.0,USD
SP002043,2022-07-30,40,Display,google_display,display,campaign_40,83,1,10.0,USD
SP002044,2022-07-31,40,Display,google_display,display,campaign_40,158,2,10.0,USD
SP002045,2022-08-01,40,Display,google_display,display,campaign_40,726,6,10.0,USD
SP002046,2022-08-02,40,Display,google_display,display,campaign_40,84,1,10.0,USD
SP002047,2022-08-03,40,Display,google_display,display,campaign_40,548,6,10.0,USD
SP002048,2022-08-04,40,Display,google_display,display,campaign_40,538,7,10.0,USD
SP002049,2022-08-05,40,Display,google_display,display,campaign_40,87,1,10.0,USD
SP002050,2022-08-06,40,Display,google_display,display,campaign_40,400,5,10.0,USD
SP002051,2022-08-07,40,Display,google_display,display,campaign_40,250,3,10.0,USD
SP002052,2022-08-08,40,Display,google_display,display,campaign_40,175,2,10.0,USD
SP002053,2022-08-09,40,Display,google_display,display,campaign_40,348,5,10.0,USD
SP002054,2022-08-10,40,Display,google_display,display,campaign_40,88,1,10.0,USD
SP002055,2022-08-11,40,Display,google_display,display,campaign_40,414,5,10.0,USD
SP002056,2022-08-12,40,Display,google_display,display,campaign_40,715,8,10.0,USD
SP002057,2022-08-13,40,Display,google_display,display,campaign_40,989,11,10.0,USD
SP002058,2022-08-14,40,Display,google_display,display,campaign_40,186,2,10.0,USD
SP002059,2022-08-15,40,Display,google_display,display,campaign_40,401,5,10.0,USD
SP002060,2022-08-16,40,Display,google_display,display,campaign_40,278,3,10.0,USD
SP002061,2022-08-17,40,Display,google_display,display,campaign_40,376,4,10.0,USD
SP002062,2022-08-18,40,Display,google_display,display,campaign_40,77,1,10.0,USD
SP002063,2022-08-19,40,Display,google_display,display,campaign_40,78,1,10.0,USD
SP002064,2022-08-20,40,Display,google_display,display,campaign_40,249,3,10.0,USD
SP002065,2022-08-21,40,Display,google_display,display,campaign_40,595,7,10.0,USD
SP002066,2022-08-22,40,Display,google_display,display,campaign_40,202,2,10.0,USD
SP002067,2022-08-23,40,Display,google_display,display,campaign_40,297,4,10.0,USD
SP002068,2022-08-24,40,Display,google_display,display,campaign_40,267,3,10.0,USD
SP002069,2022-08-25,40,Display,google_display,display,campaign_40,256,3,10.0,USD
SP002070,2022-08-26,40,Display,google_display,display,campaign_40,236,3,10.0,USD
SP002071,2022-08-27,40,Display,google_display,display,campaign_40,397,5,10.0,USD
SP002072,2022-08-28,40,Display,google_display,display,campaign_40,165,2,10.0,USD
SP002073,2022-08-29,40,Display,google_display,display,campaign_40,517,6,10.0,USD
SP002074,2022-08-30,40,Display,google_display,display,campaign_40,578,7,10.0,USD
SP002075,2022-08-31,40,Display,google_display,display,campaign_40,705,8,10.0,USD
SP002076,2022-09-01,40,Display,google_display,display,campaign_40,178,2,10.0,USD
SP002077,2022-09-02,40,Display,google_display,display,campaign_40,399,5,10.0,USD
SP002078,2022-09-03,40,Display,google_display,display,campaign_40,326,4,10.0,USD
SP002079,2022-09-04,40,Display,google_display,display,campaign_40,424,5,10.0,USD
SP002080,2022-09-05,40,Display,google_display,display,campaign_40,316,4,10.0,USD
SP002081,2022-09-06,40,Display,google_display,display,campaign_40,187,2,10.0,USD
SP002082,2022-09-07,40,Display,google_display,display,campaign_40,273,3,10.0,USD
SP002083,2023-04-09,41,Social,meta,paid_social,campaign_41,135,5,10.0,USD
SP002084,2023-04-10,41,Social,meta,paid_social,campaign_41,55,2,10.0,USD
SP002085,2023-04-11,41,Social,meta,paid_social,campaign_41,180,5,10.0,USD
SP002086,2023-04-12,41,Social,meta,paid_social,campaign_41,57,2,10.0,USD
SP002087,2023-04-13,41,Social,meta,paid_social,campaign_41,71,3,10.0,USD
SP002088,2023-04-14,41,Social,meta,paid_social,campaign_41,132,5,10.0,USD
SP002089,2023-04-15,41,Social,meta,paid_social,campaign_41,181,6,10.0,USD
SP002090,2023-04-16,41,Social,meta,paid_social,campaign_41,62,2,10.0,USD
SP002091,2023-04-17,41,Social,meta,paid_social,campaign_41,83,3,10.0,USD
SP002092,2023-04-22,42,Paid Search,google,cpc,campaign_42,32,2,10.0,USD
SP002093,2023-04-23,42,Paid Search,google,cpc,campaign_42,66,3,10.0,USD
SP002094,2023-04-24,42,Paid Search,google,cpc,campaign_42,177,10,20.45,USD
SP002095,2023-04-25,42,Paid Search,google,cpc,campaign_42,38,2,10.0,USD
SP002096,2023-04-26,42,Paid Search,google,cpc,campaign_42,107,6,12.29,USD
SP002097,2023-04-27,42,Paid Search,google,cpc,campaign_42,106,5,10.18,USD
SP002098,2023-04-28,42,Paid Search,google,cpc,campaign_42,156,8,18.15,USD
SP002099,2023-04-29,42,Paid Search,google,cpc,campaign_42,22,1,10.0,USD
SP002100,2023-04-30,42,Paid Search,google,cpc,campaign_42,80,4,10.0,USD
SP002101,2023-05-01,42,Paid Search,google,cpc,campaign_42,38,2,10.0,USD
SP002102,2023-05-02,42,Paid Search,google,cpc,campaign_42,79,4,10.0,USD
SP002103,2023-05-03,42,Paid Search,google,cpc,campaign_42,31,2,10.0,USD
SP002104,2023-05-04,42,Paid Search,google,cpc,campaign_42,35,2,10.0,USD
SP002105,2023-05-05,42,Paid Search,google,cpc,campaign_42,34,2,10.0,USD
SP002106,2023-05-06,42,Paid Search,google,cpc,campaign_42,59,3,10.0,USD
SP002107,2023-05-07,42,Paid Search,google,cpc,campaign_42,44,2,10.0,USD
SP002108,2023-05-08,42,Paid Search,google,cpc,campaign_42,60,4,10.0,USD
SP002109,2023-05-09,42,Paid Search,google,cpc,campaign_42,92,4,10.0,USD
SP002110,2023-05-10,42,Paid Search,google,cpc,campaign_42,20,1,10.0,USD
SP002111,2023-05-11,42,Paid Search,google,cpc,campaign_42,34,2,10.0,USD
SP002112,2023-05-12,42,Paid Search,google,cpc,campaign_42,115,6,13.02,USD
SP002113,2023-05-13,42,Paid Search,google,cpc,campaign_42,72,4,10.0,USD
SP002114,2023-05-14,42,Paid Search,google,cpc,campaign_42,61,3,10.0,USD
SP002115,2023-05-15,42,Paid Search,google,cpc,campaign_42,70,4,10.0,USD
SP002116,2023-05-16,42,Paid Search,google,cpc,campaign_42,42,2,10.0,USD
SP002117,2023-05-17,42,Paid Search,google,cpc,campaign_42,125,5,11.37,USD
SP002118,2023-05-18,42,Paid Search,google,cpc,campaign_42,58,3,10.0,USD
SP002119,2023-05-19,42,Paid Search,google,cpc,campaign_42,52,3,10.0,USD
SP002120,2023-05-20,42,Paid Search,google,cpc,campaign_42,20,1,10.0,USD
SP002121,2023-05-21,42,Paid Search,google,cpc,campaign_42,53,3,10.0,USD
SP002122,2023-05-22,42,Paid Search,google,cpc,campaign_42,31,2,10.0,USD
SP002123,2023-05-23,42,Paid Search,google,cpc,campaign_42,52,3,10.0,USD
SP002124,2023-05-24,42,Paid Search,google,cpc,campaign_42,53,3,10.0,USD
SP002125,2023-05-25,42,Paid Search,google,cpc,campaign_42,118,7,16.2,USD
SP002126,2023-05-26,42,Paid Search,google,cpc,campaign_42,169,9,20.45,USD
SP002127,2023-05-27,42,Paid Search,google,cpc,campaign_42,70,4,10.0,USD
SP002128,2023-05-28,42,Paid Search,google,cpc,campaign_42,86,4,10.0,USD
SP002129,2023-05-29,42,Paid Search,google,cpc,campaign_42,17,1,10.0,USD
SP002130,2023-05-30,42,Paid Search,google,cpc,campaign_42,71,4,10.0,USD
SP002131,2023-05-31,42,Paid Search,google,cpc,campaign_42,42,2,10.0,USD
SP002132,2023-06-01,42,Paid Search,google,cpc,campaign_42,47,3,10.0,USD
SP002133,2023-06-02,42,Paid Search,google,cpc,campaign_42,95,5,10.18,USD
SP002134,2023-06-03,42,Paid Search,google,cpc,campaign_42,57,3,10.0,USD
SP002135,2023-06-04,42,Paid Search,google,cpc,campaign_42,33,2,10.0,USD
SP002136,2023-06-05,42,Paid Search,google,cpc,campaign_42,66,4,10.0,USD
SP002137,2023-06-06,42,Paid Search,google,cpc,campaign_42,101,5,12.6,USD
SP002138,2023-06-07,42,Paid Search,google,cpc,campaign_42,74,3,10.0,USD
SP002139,2023-06-08,42,Paid Search,google,cpc,campaign_42,37,2,10.0,USD
SP002140,2023-06-09,42,Paid Search,google,cpc,campaign_42,22,1,10.0,USD
SP002141,2023-06-10,42,Paid Search,google,cpc,campaign_42,67,4,10.0,USD
SP002142,2023-06-11,42,Paid Search,google,cpc,campaign_42,18,1,10.0,USD
SP002143,2023-06-12,42,Paid Search,google,cpc,campaign_42,64,3,10.0,USD
SP002144,2023-06-13,42,Paid Search,google,cpc,campaign_42,39,2,10.0,USD
SP002145,2023-06-14,42,Paid Search,google,cpc,campaign_42,41,2,10.0,USD
SP002146,2023-06-15,42,Paid Search,google,cpc,campaign_42,20,1,10.0,USD
SP002147,2023-06-16,42,Paid Search,google,cpc,campaign_42,22,1,10.0,USD
SP002148,2023-06-17,42,Paid Search,google,cpc,campaign_42,64,4,10.0,USD
SP002149,2023-06-18,42,Paid Search,google,cpc,campaign_42,61,3,10.0,USD
SP002150,2023-06-19,42,Paid Search,google,cpc,campaign_42,109,6,14.87,USD
SP002151,2023-06-20,42,Paid Search,google,cpc,campaign_42,52,3,10.0,USD
SP002152,2023-06-21,42,Paid Search,google,cpc,campaign_42,49,3,10.0,USD
SP002153,2023-06-22,42,Paid Search,google,cpc,campaign_42,54,3,10.0,USD
SP002154,2023-06-23,42,Paid Search,google,cpc,campaign_42,56,3,10.0,USD
SP002155,2023-06-24,42,Paid Search,google,cpc,campaign_42,108,6,11.23,USD
SP002156,2023-06-25,42,Paid Search,google,cpc,campaign_42,41,2,10.0,USD
SP002157,2023-06-26,42,Paid Search,google,cpc,campaign_42,81,4,10.0,USD
SP002158,2023-06-27,42,Paid Search,google,cpc,campaign_42,112,6,15.12,USD
SP002159,2023-06-28,42,Paid Search,google,cpc,campaign_42,92,4,10.0,USD
SP002160,2023-06-29,42,Paid Search,google,cpc,campaign_42,78,4,10.0,USD
SP002161,2023-03-12,43,Paid Search,google,cpc,campaign_43,181,9,17.94,USD
SP002162,2023-03-13,43,Paid Search,google,cpc,campaign_43,72,4,10.0,USD
SP002163,2023-03-14,43,Paid Search,google,cpc,campaign_43,102,6,11.54,USD
SP002164,2023-03-15,43,Paid Search,google,cpc,campaign_43,81,4,10.0,USD
SP002165,2023-03-16,43,Paid Search,google,cpc,campaign_43,115,7,13.61,USD
SP002166,2023-03-17,43,Paid Search,google,cpc,campaign_43,40,2,10.0,USD
SP002167,2023-03-18,43,Paid Search,google,cpc,campaign_43,80,4,10.0,USD
SP002168,2023-03-19,43,Paid Search,google,cpc,campaign_43,33,2,10.0,USD
SP002169,2023-03-20,43,Paid Search,google,cpc,campaign_43,91,5,10.05,USD
SP002170,2023-03-21,43,Paid Search,google,cpc,campaign_43,17,1,10.0,USD
SP002171,2023-03-22,43,Paid Search,google,cpc,campaign_43,37,2,10.0,USD
SP002172,2023-03-23,43,Paid Search,google,cpc,campaign_43,37,2,10.0,USD
SP002173,2023-03-24,43,Paid Search,google,cpc,campaign_43,73,4,10.0,USD
SP002174,2023-03-25,43,Paid Search,google,cpc,campaign_43,94,6,13.13,USD
SP002175,2023-03-26,43,Paid Search,google,cpc,campaign_43,67,4,10.0,USD
SP002176,2023-03-27,43,Paid Search,google,cpc,campaign_43,59,3,10.0,USD
SP002177,2023-03-28,43,Paid Search,google,cpc,campaign_43,72,4,10.0,USD
SP002178,2023-03-29,43,Paid Search,google,cpc,campaign_43,113,6,13.44,USD
SP002179,2023-03-30,43,Paid Search,google,cpc,campaign_43,57,3,10.0,USD
SP002180,2023-03-31,43,Paid Search,google,cpc,campaign_43,69,4,10.0,USD
SP002181,2023-04-01,43,Paid Search,google,cpc,campaign_43,71,4,10.0,USD
SP002182,2023-04-02,43,Paid Search,google,cpc,campaign_43,20,1,10.0,USD
SP002183,2023-04-03,43,Paid Search,google,cpc,campaign_43,91,5,11.54,USD
SP002184,2023-04-04,43,Paid Search,google,cpc,campaign_43,77,4,10.0,USD
SP002185,2023-04-05,43,Paid Search,google,cpc,campaign_43,17,1,10.0,USD
SP002186,2023-04-06,43,Paid Search,google,cpc,campaign_43,77,4,10.0,USD
SP002187,2023-04-07,43,Paid Search,google,cpc,campaign_43,56,3,10.0,USD
SP002188,2023-04-08,43,Paid Search,google,cpc,campaign_43,76,4,10.0,USD
SP002189,2023-04-09,43,Paid Search,google,cpc,campaign_43,131,6,15.21,USD
SP002190,2023-04-10,43,Paid Search,google,cpc,campaign_43,63,4,10.26,USD
SP002191,2023-04-11,43,Paid Search,google,cpc,campaign_43,55,3,10.0,USD
SP002192,2023-04-12,43,Paid Search,google,cpc,campaign_43,16,1,10.0,USD
SP002193,2023-04-13,43,Paid Search,google,cpc,campaign_43,72,4,10.0,USD
SP002194,2023-04-14,43,Paid Search,google,cpc,campaign_43,51,3,10.0,USD
SP002195,2023-04-15,43,Paid Search,google,cpc,campaign_43,19,1,10.0,USD
SP002196,2023-04-16,43,Paid Search,google,cpc,campaign_43,19,1,10.0,USD
SP002197,2023-04-17,43,Paid Search,google,cpc,campaign_43,55,3,10.0,USD
SP002198,2023-04-18,43,Paid Search,google,cpc,campaign_43,31,2,10.0,USD
SP002199,2021-01-31,44,Affiliate,affiliate_network,affiliate,campaign_44,79,2,10.0,USD
SP002200,2021-02-01,44,Affiliate,affiliate_network,affiliate,campaign_44,88,2,10.0,USD
SP002201,2021-02-02,44,Affiliate,affiliate_network,affiliate,campaign_44,65,2,10.0,USD
SP002202,2021-02-03,44,Affiliate,affiliate_network,affiliate,campaign_44,133,4,10.0,USD
SP002203,2021-02-04,44,Affiliate,affiliate_network,affiliate,campaign_44,75,2,10.0,USD
SP002204,2021-02-05,44,Affiliate,affiliate_network,affiliate,campaign_44,89,3,10.0,USD
SP002205,2021-02-06,44,Affiliate,affiliate_network,affiliate,campaign_44,29,1,10.0,USD
SP002206,2021-02-07,44,Affiliate,affiliate_network,affiliate,campaign_44,43,1,10.0,USD
SP002207,2021-02-08,44,Affiliate,affiliate_network,affiliate,campaign_44,77,2,10.0,USD
SP002208,2021-02-09,44,Affiliate,affiliate_network,affiliate,campaign_44,72,2,10.0,USD
SP002209,2021-02-10,44,Affiliate,affiliate_network,affiliate,campaign_44,103,3,10.0,USD
SP002210,2021-02-11,44,Affiliate,affiliate_network,affiliate,campaign_44,70,2,10.0,USD
SP002211,2021-02-12,44,Affiliate,affiliate_network,affiliate,campaign_44,36,1,10.0,USD
SP002212,2021-02-13,44,Affiliate,affiliate_network,affiliate,campaign_44,80,2,10.0,USD
SP002213,2021-02-14,44,Affiliate,affiliate_network,affiliate,campaign_44,102,3,10.0,USD
SP002214,2021-02-15,44,Affiliate,affiliate_network,affiliate,campaign_44,203,6,10.0,USD
SP002215,2021-02-16,44,Affiliate,affiliate_network,affiliate,campaign_44,163,5,10.0,USD
SP002216,2021-02-17,44,Affiliate,affiliate_network,affiliate,campaign_44,162,4,10.0,USD
SP002217,2021-02-18,44,Affiliate,affiliate_network,affiliate,campaign_44,73,2,10.0,USD
SP002218,2021-02-19,44,Affiliate,affiliate_network,affiliate,campaign_44,225,6,10.04,USD
SP002219,2021-02-20,44,Affiliate,affiliate_network,affiliate,campaign_44,203,5,10.0,USD
SP002220,2021-02-21,44,Affiliate,affiliate_network,affiliate,campaign_44,146,4,10.0,USD
SP002221,2021-02-22,44,Affiliate,affiliate_network,affiliate,campaign_44,40,1,10.0,USD
SP002222,2021-02-23,44,Affiliate,affiliate_network,affiliate,campaign_44,124,3,10.0,USD
SP002223,2021-02-24,44,Affiliate,affiliate_network,affiliate,campaign_44,67,2,10.0,USD
SP002224,2021-02-25,44,Affiliate,affiliate_network,affiliate,campaign_44,187,5,10.0,USD
SP002225,2021-02-26,44,Affiliate,affiliate_network,affiliate,campaign_44,154,4,10.0,USD
SP002226,2021-02-27,44,Affiliate,affiliate_network,affiliate,campaign_44,64,2,10.0,USD
SP002227,2021-02-28,44,Affiliate,affiliate_network,affiliate,campaign_44,101,3,10.0,USD
SP002228,2021-03-01,44,Affiliate,affiliate_network,affiliate,campaign_44,134,3,10.0,USD
SP002229,2021-03-02,44,Affiliate,affiliate_network,affiliate,campaign_44,69,2,10.0,USD
SP002230,2021-03-03,44,Affiliate,affiliate_network,affiliate,campaign_44,172,5,10.0,USD
SP002231,2021-03-04,44,Affiliate,affiliate_network,affiliate,campaign_44,73,2,10.0,USD
SP002232,2021-03-05,44,Affiliate,affiliate_network,affiliate,campaign_44,111,3,10.0,USD
SP002233,2021-03-06,44,Affiliate,affiliate_network,affiliate,campaign_44,85,2,10.0,USD
SP002234,2021-03-07,44,Affiliate,affiliate_network,affiliate,campaign_44,59,2,10.0,USD
SP002235,2021-03-08,44,Affiliate,affiliate_network,affiliate,campaign_44,220,6,10.0,USD
SP002236,2021-03-09,44,Affiliate,affiliate_network,affiliate,campaign_44,104,3,10.0,USD
SP002237,2021-03-10,44,Affiliate,affiliate_network,affiliate,campaign_44,146,4,10.0,USD
SP002238,2021-03-11,44,Affiliate,affiliate_network,affiliate,campaign_44,115,3,10.0,USD
SP002239,2021-03-12,44,Affiliate,affiliate_network,affiliate,campaign_44,198,6,10.0,USD
SP002240,2021-03-13,44,Affiliate,affiliate_network,affiliate,campaign_44,141,4,10.0,USD
SP002241,2021-03-14,44,Affiliate,affiliate_network,affiliate,campaign_44,146,4,10.0,USD
SP002242,2021-03-15,44,Affiliate,affiliate_network,affiliate,campaign_44,35,1,10.0,USD
SP002243,2021-03-16,44,Affiliate,affiliate_network,affiliate,campaign_44,108,3,10.0,USD
SP002244,2021-03-17,44,Affiliate,affiliate_network,affiliate,campaign_44,153,5,10.0,USD
SP002245,2021-03-18,44,Affiliate,affiliate_network,affiliate,campaign_44,66,2,10.0,USD
SP002246,2021-03-19,44,Affiliate,affiliate_network,affiliate,campaign_44,34,1,10.0,USD
SP002247,2021-03-20,44,Affiliate,affiliate_network,affiliate,campaign_44,168,4,10.0,USD
SP002248,2021-03-21,44,Affiliate,affiliate_network,affiliate,campaign_44,136,4,10.0,USD
SP002249,2021-03-22,44,Affiliate,affiliate_network,affiliate,campaign_44,272,8,13.42,USD
SP002250,2021-03-23,44,Affiliate,affiliate_network,affiliate,campaign_44,119,3,10.0,USD
SP002251,2021-03-24,44,Affiliate,affiliate_network,affiliate,campaign_44,126,3,10.0,USD
SP002252,2021-03-25,44,Affiliate,affiliate_network,affiliate,campaign_44,33,1,10.0,USD
SP002253,2021-03-26,44,Affiliate,affiliate_network,affiliate,campaign_44,131,4,10.0,USD
SP002254,2021-03-27,44,Affiliate,affiliate_network,affiliate,campaign_44,152,4,10.0,USD
SP002255,2021-03-28,44,Affiliate,affiliate_network,affiliate,campaign_44,76,2,10.0,USD
SP002256,2021-03-29,44,Affiliate,affiliate_network,affiliate,campaign_44,71,2,10.0,USD
SP002257,2021-03-30,44,Affiliate,affiliate_network,affiliate,campaign_44,112,3,10.0,USD
SP002258,2021-03-31,44,Affiliate,affiliate_network,affiliate,campaign_44,379,9,11.8,USD
SP002259,2021-04-01,44,Affiliate,affiliate_network,affiliate,campaign_44,119,3,10.0,USD
SP002260,2021-04-02,44,Affiliate,affiliate_network,affiliate,campaign_44,139,4,10.0,USD
SP002261,2021-04-03,44,Affiliate,affiliate_network,affiliate,campaign_44,158,4,10.0,USD
SP002262,2021-04-04,44,Affiliate,affiliate_network,affiliate,campaign_44,163,5,10.0,USD
SP002263,2021-04-05,44,Affiliate,affiliate_network,affiliate,campaign_44,136,4,10.0,USD
SP002264,2021-04-06,44,Affiliate,affiliate_network,affiliate,campaign_44,168,5,10.0,USD
SP002265,2021-04-07,44,Affiliate,affiliate_network,affiliate,campaign_44,116,3,10.0,USD
SP002266,2021-04-08,44,Affiliate,affiliate_network,affiliate,campaign_44,130,4,10.0,USD
SP002267,2021-04-09,44,Affiliate,affiliate_network,affiliate,campaign_44,186,6,10.0,USD
SP002268,2021-04-10,44,Affiliate,affiliate_network,affiliate,campaign_44,176,5,10.0,USD
SP002269,2021-04-11,44,Affiliate,affiliate_network,affiliate,campaign_44,194,6,10.0,USD
SP002270,2021-04-12,44,Affiliate,affiliate_network,affiliate,campaign_44,32,1,10.0,USD
SP002271,2021-04-13,44,Affiliate,affiliate_network,affiliate,campaign_44,139,4,10.0,USD
SP002272,2021-04-14,44,Affiliate,affiliate_network,affiliate,campaign_44,169,4,10.0,USD
SP002273,2021-04-15,44,Affiliate,affiliate_network,affiliate,campaign_44,195,5,10.0,USD
SP002274,2021-04-16,44,Affiliate,affiliate_network,affiliate,campaign_44,184,6,10.0,USD
SP002275,2021-04-17,44,Affiliate,affiliate_network,affiliate,campaign_44,39,1,10.0,USD
SP002276,2022-04-08,45,Affiliate,affiliate_network,affiliate,campaign_45,135,4,10.0,USD
SP002277,2022-04-09,45,Affiliate,affiliate_network,affiliate,campaign_45,137,4,10.0,USD
SP002278,2022-04-10,45,Affiliate,affiliate_network,affiliate,campaign_45,160,5,10.0,USD
SP002279,2022-04-11,45,Affiliate,affiliate_network,affiliate,campaign_45,210,6,10.0,USD
SP002280,2022-04-12,45,Affiliate,affiliate_network,affiliate,campaign_45,134,3,10.0,USD
SP002281,2022-04-13,45,Affiliate,affiliate_network,affiliate,campaign_45,115,3,10.0,USD
SP002282,2022-04-14,45,Affiliate,affiliate_network,affiliate,campaign_45,125,4,10.0,USD
SP002283,2022-04-15,45,Affiliate,affiliate_network,affiliate,campaign_45,107,3,10.0,USD
SP002284,2022-04-16,45,Affiliate,affiliate_network,affiliate,campaign_45,139,4,10.0,USD
SP002285,2022-04-17,45,Affiliate,affiliate_network,affiliate,campaign_45,156,4,10.0,USD
SP002286,2022-04-18,45,Affiliate,affiliate_network,affiliate,campaign_45,197,6,10.0,USD
SP002287,2022-04-19,45,Affiliate,affiliate_network,affiliate,campaign_45,72,2,10.0,USD
SP002288,2022-04-20,45,Affiliate,affiliate_network,affiliate,campaign_45,109,3,10.0,USD
SP002289,2022-04-21,45,Affiliate,affiliate_network,affiliate,campaign_45,106,3,10.0,USD
SP002290,2022-04-22,45,Affiliate,affiliate_network,affiliate,campaign_45,148,4,10.0,USD
SP002291,2022-04-23,45,Affiliate,affiliate_network,affiliate,campaign_45,60,2,10.0,USD
SP002292,2022-04-24,45,Affiliate,affiliate_network,affiliate,campaign_45,151,5,10.0,USD
SP002293,2022-04-25,45,Affiliate,affiliate_network,affiliate,campaign_45,121,4,10.0,USD
SP002294,2022-04-26,45,Affiliate,affiliate_network,affiliate,campaign_45,143,4,10.0,USD
SP002295,2022-04-27,45,Affiliate,affiliate_network,affiliate,campaign_45,125,4,10.0,USD
SP002296,2022-04-28,45,Affiliate,affiliate_network,affiliate,campaign_45,183,5,10.0,USD
SP002297,2022-04-29,45,Affiliate,affiliate_network,affiliate,campaign_45,127,4,10.0,USD
SP002298,2022-04-30,45,Affiliate,affiliate_network,affiliate,campaign_45,115,3,10.0,USD
SP002299,2022-05-01,45,Affiliate,affiliate_network,affiliate,campaign_45,93,3,10.0,USD
SP002300,2022-05-02,45,Affiliate,affiliate_network,affiliate,campaign_45,204,5,10.0,USD
SP002301,2022-05-03,45,Affiliate,affiliate_network,affiliate,campaign_45,118,3,10.0,USD
SP002302,2022-05-04,45,Affiliate,affiliate_network,affiliate,campaign_45,31,1,10.0,USD
SP002303,2022-05-05,45,Affiliate,affiliate_network,affiliate,campaign_45,256,6,10.0,USD
SP002304,2022-05-06,45,Affiliate,affiliate_network,affiliate,campaign_45,104,3,10.0,USD
SP002305,2022-05-07,45,Affiliate,affiliate_network,affiliate,campaign_45,103,3,10.0,USD
SP002306,2022-05-08,45,Affiliate,affiliate_network,affiliate,campaign_45,202,6,10.0,USD
SP002307,2022-05-09,45,Affiliate,affiliate_network,affiliate,campaign_45,130,3,10.0,USD
SP002308,2022-05-10,45,Affiliate,affiliate_network,affiliate,campaign_45,147,4,10.0,USD
SP002309,2022-05-11,45,Affiliate,affiliate_network,affiliate,campaign_45,82,2,10.0,USD
SP002310,2022-05-12,45,Affiliate,affiliate_network,affiliate,campaign_45,174,5,10.0,USD
SP002311,2022-05-13,45,Affiliate,affiliate_network,affiliate,campaign_45,85,2,10.0,USD
SP002312,2022-05-14,45,Affiliate,affiliate_network,affiliate,campaign_45,240,6,10.0,USD
SP002313,2022-05-15,45,Affiliate,affiliate_network,affiliate,campaign_45,265,8,12.16,USD
SP002314,2022-05-16,45,Affiliate,affiliate_network,affiliate,campaign_45,189,5,10.0,USD
SP002315,2022-05-17,45,Affiliate,affiliate_network,affiliate,campaign_45,189,6,10.0,USD
SP002316,2022-05-18,45,Affiliate,affiliate_network,affiliate,campaign_45,135,4,10.0,USD
SP002317,2022-05-19,45,Affiliate,affiliate_network,affiliate,campaign_45,147,4,10.0,USD
SP002318,2022-05-20,45,Affiliate,affiliate_network,affiliate,campaign_45,261,8,10.53,USD
SP002319,2022-05-21,45,Affiliate,affiliate_network,affiliate,campaign_45,73,2,10.0,USD
SP002320,2022-05-22,45,Affiliate,affiliate_network,affiliate,campaign_45,133,4,10.0,USD
SP002321,2022-05-23,45,Affiliate,affiliate_network,affiliate,campaign_45,115,3,10.0,USD
SP002322,2022-05-24,45,Affiliate,affiliate_network,affiliate,campaign_45,227,7,10.0,USD
SP002323,2022-05-25,45,Affiliate,affiliate_network,affiliate,campaign_45,294,7,10.0,USD
SP002324,2022-05-26,45,Affiliate,affiliate_network,affiliate,campaign_45,120,3,10.0,USD
SP002325,2022-05-27,45,Affiliate,affiliate_network,affiliate,campaign_45,158,4,10.0,USD
SP002326,2022-05-28,45,Affiliate,affiliate_network,affiliate,campaign_45,76,2,10.0,USD
SP002327,2022-05-29,45,Affiliate,affiliate_network,affiliate,campaign_45,69,2,10.0,USD
SP002328,2022-05-30,45,Affiliate,affiliate_network,affiliate,campaign_45,71,2,10.0,USD
SP002329,2022-05-31,45,Affiliate,affiliate_network,affiliate,campaign_45,133,4,10.0,USD
SP002330,2022-06-01,45,Affiliate,affiliate_network,affiliate,campaign_45,96,3,10.0,USD
SP002331,2022-06-02,45,Affiliate,affiliate_network,affiliate,campaign_45,170,4,10.0,USD
SP002332,2022-06-03,45,Affiliate,affiliate_network,affiliate,campaign_45,126,4,10.0,USD
SP002333,2022-06-04,45,Affiliate,affiliate_network,affiliate,campaign_45,219,6,10.0,USD
SP002334,2022-06-05,45,Affiliate,affiliate_network,affiliate,campaign_45,30,1,10.0,USD
SP002335,2022-06-06,45,Affiliate,affiliate_network,affiliate,campaign_45,77,2,10.0,USD
SP002336,2022-06-07,45,Affiliate,affiliate_network,affiliate,campaign_45,44,1,10.0,USD
SP002337,2022-06-08,45,Affiliate,affiliate_network,affiliate,campaign_45,134,4,10.0,USD
SP002338,2022-06-09,45,Affiliate,affiliate_network,affiliate,campaign_45,135,4,10.0,USD
SP002339,2022-06-10,45,Affiliate,affiliate_network,affiliate,campaign_45,80,2,10.0,USD
SP002340,2022-06-11,45,Affiliate,affiliate_network,affiliate,campaign_45,79,2,10.0,USD
SP002341,2022-06-12,45,Affiliate,affiliate_network,affiliate,campaign_45,165,5,10.0,USD
SP002342,2022-06-13,45,Affiliate,affiliate_network,affiliate,campaign_45,69,2,10.0,USD
SP002343,2022-06-14,45,Affiliate,affiliate_network,affiliate,campaign_45,184,5,10.0,USD
SP002344,2022-06-15,45,Affiliate,affiliate_network,affiliate,campaign_45,34,1,10.0,USD
SP002345,2023-03-23,46,Social,meta,paid_social,campaign_46,83,3,10.0,USD
SP002346,2023-03-24,46,Social,meta,paid_social,campaign_46,157,5,10.0,USD
SP002347,2023-03-25,46,Social,meta,paid_social,campaign_46,52,2,10.0,USD
SP002348,2023-03-26,46,Social,meta,paid_social,campaign_46,107,4,10.0,USD
SP002349,2023-03-27,46,Social,meta,paid_social,campaign_46,114,4,10.0,USD
SP002350,2023-03-28,46,Social,meta,paid_social,campaign_46,238,9,11.65,USD
SP002351,2023-03-29,46,Social,meta,paid_social,campaign_46,24,1,10.0,USD
SP002352,2023-03-30,46,Social,meta,paid_social,campaign_46,63,2,10.0,USD
SP002353,2023-03-31,46,Social,meta,paid_social,campaign_46,88,3,10.0,USD
SP002354,2023-04-01,46,Social,meta,paid_social,campaign_46,175,6,10.0,USD
SP002355,2023-04-02,46,Social,meta,paid_social,campaign_46,106,4,10.0,USD
SP002356,2023-04-03,46,Social,meta,paid_social,campaign_46,30,1,10.0,USD
SP002357,2023-04-04,46,Social,meta,paid_social,campaign_46,107,4,10.0,USD
SP002358,2023-04-05,46,Social,meta,paid_social,campaign_46,90,3,10.0,USD
SP002359,2023-04-06,46,Social,meta,paid_social,campaign_46,64,2,10.0,USD
SP002360,2023-04-07,46,Social,meta,paid_social,campaign_46,113,4,10.0,USD
SP002361,2023-04-08,46,Social,meta,paid_social,campaign_46,30,1,10.0,USD
SP002362,2023-04-09,46,Social,meta,paid_social,campaign_46,56,2,10.0,USD
SP002363,2023-04-10,46,Social,meta,paid_social,campaign_46,110,4,10.0,USD
SP002364,2023-04-11,46,Social,meta,paid_social,campaign_46,135,4,10.0,USD
SP002365,2023-04-12,46,Social,meta,paid_social,campaign_46,89,3,10.0,USD
SP002366,2023-04-13,46,Social,meta,paid_social,campaign_46,113,4,10.0,USD
SP002367,2023-04-14,46,Social,meta,paid_social,campaign_46,53,2,10.0,USD
SP002368,2023-04-15,46,Social,meta,paid_social,campaign_46,107,4,10.0,USD
SP002369,2023-04-16,46,Social,meta,paid_social,campaign_46,93,3,10.0,USD
SP002370,2023-04-17,46,Social,meta,paid_social,campaign_46,87,3,10.0,USD
SP002371,2022-04-12,47,Affiliate,affiliate_network,affiliate,campaign_47,205,6,10.0,USD
SP002372,2022-04-13,47,Affiliate,affiliate_network,affiliate,campaign_47,73,2,10.0,USD
SP002373,2022-04-14,47,Affiliate,affiliate_network,affiliate,campaign_47,346,9,14.09,USD
SP002374,2022-04-15,47,Affiliate,affiliate_network,affiliate,campaign_47,179,5,10.0,USD
SP002375,2022-04-16,47,Affiliate,affiliate_network,affiliate,campaign_47,34,1,10.0,USD
SP002376,2022-04-17,47,Affiliate,affiliate_network,affiliate,campaign_47,157,4,10.0,USD
SP002377,2022-04-18,47,Affiliate,affiliate_network,affiliate,campaign_47,101,3,10.0,USD
SP002378,2022-04-19,47,Affiliate,affiliate_network,affiliate,campaign_47,35,1,10.0,USD
SP002379,2022-04-20,47,Affiliate,affiliate_network,affiliate,campaign_47,34,1,10.0,USD
SP002380,2022-04-21,47,Affiliate,affiliate_network,affiliate,campaign_47,72,2,10.0,USD
SP002381,2022-04-22,47,Affiliate,affiliate_network,affiliate,campaign_47,30,1,10.0,USD
SP002382,2022-04-23,47,Affiliate,affiliate_network,affiliate,campaign_47,173,5,10.0,USD
SP002383,2022-04-24,47,Affiliate,affiliate_network,affiliate,campaign_47,100,3,10.0,USD
SP002384,2022-04-25,47,Affiliate,affiliate_network,affiliate,campaign_47,169,5,10.0,USD
SP002385,2022-04-26,47,Affiliate,affiliate_network,affiliate,campaign_47,73,2,10.0,USD
SP002386,2022-04-27,47,Affiliate,affiliate_network,affiliate,campaign_47,70,2,10.0,USD
SP002387,2022-04-28,47,Affiliate,affiliate_network,affiliate,campaign_47,114,3,10.0,USD
SP002388,2022-04-29,47,Affiliate,affiliate_network,affiliate,campaign_47,92,3,10.0,USD
SP002389,2022-04-30,47,Affiliate,affiliate_network,affiliate,campaign_47,171,5,10.0,USD
SP002390,2022-05-01,47,Affiliate,affiliate_network,affiliate,campaign_47,194,5,10.0,USD
SP002391,2022-05-02,47,Affiliate,affiliate_network,affiliate,campaign_47,63,2,10.0,USD
SP002392,2022-05-03,47,Affiliate,affiliate_network,affiliate,campaign_47,145,4,10.0,USD
SP002393,2022-05-04,47,Affiliate,affiliate_network,affiliate,campaign_47,197,6,10.0,USD
SP002394,2022-05-05,47,Affiliate,affiliate_network,affiliate,campaign_47,85,2,10.0,USD
SP002395,2022-05-06,47,Affiliate,affiliate_network,affiliate,campaign_47,64,2,10.0,USD
SP002396,2022-05-07,47,Affiliate,affiliate_network,affiliate,campaign_47,137,4,10.0,USD
SP002397,2022-05-08,47,Affiliate,affiliate_network,affiliate,campaign_47,156,4,10.0,USD
SP002398,2022-05-09,47,Affiliate,affiliate_network,affiliate,campaign_47,138,4,10.0,USD
SP002399,2022-05-10,47,Affiliate,affiliate_network,affiliate,campaign_47,155,5,10.0,USD
SP002400,2022-05-11,47,Affiliate,affiliate_network,affiliate,campaign_47,189,5,10.0,USD
SP002401,2022-05-12,47,Affiliate,affiliate_network,affiliate,campaign_47,114,3,10.0,USD
SP002402,2022-05-13,47,Affiliate,affiliate_network,affiliate,campaign_47,36,1,10.0,USD
SP002403,2022-05-14,47,Affiliate,affiliate_network,affiliate,campaign_47,284,8,12.35,USD
SP002404,2022-05-15,47,Affiliate,affiliate_network,affiliate,campaign_47,490,12,18.47,USD
SP002405,2022-05-16,47,Affiliate,affiliate_network,affiliate,campaign_47,141,4,10.0,USD
SP002406,2022-05-17,47,Affiliate,affiliate_network,affiliate,campaign_47,68,2,10.0,USD
SP002407,2022-05-18,47,Affiliate,affiliate_network,affiliate,campaign_47,115,3,10.0,USD
SP002408,2022-05-19,47,Affiliate,affiliate_network,affiliate,campaign_47,125,4,10.0,USD
SP002409,2022-05-20,47,Affiliate,affiliate_network,affiliate,campaign_47,149,4,10.0,USD
SP002410,2022-05-21,47,Affiliate,affiliate_network,affiliate,campaign_47,217,6,10.0,USD
SP002411,2022-05-22,47,Affiliate,affiliate_network,affiliate,campaign_47,239,7,10.67,USD
SP002412,2022-05-23,47,Affiliate,affiliate_network,affiliate,campaign_47,140,4,10.0,USD
SP002413,2022-05-24,47,Affiliate,affiliate_network,affiliate,campaign_47,43,1,10.0,USD
SP002414,2022-05-25,47,Affiliate,affiliate_network,affiliate,campaign_47,64,2,10.0,USD
SP002415,2022-05-26,47,Affiliate,affiliate_network,affiliate,campaign_47,414,12,18.85,USD
SP002416,2022-05-27,47,Affiliate,affiliate_network,affiliate,campaign_47,74,2,10.0,USD
SP002417,2022-05-28,47,Affiliate,affiliate_network,affiliate,campaign_47,134,4,10.0,USD
SP002418,2022-05-29,47,Affiliate,affiliate_network,affiliate,campaign_47,128,4,10.0,USD
SP002419,2022-05-30,47,Affiliate,affiliate_network,affiliate,campaign_47,42,1,10.0,USD
SP002420,2022-05-31,47,Affiliate,affiliate_network,affiliate,campaign_47,42,1,10.0,USD
SP002421,2022-06-01,47,Affiliate,affiliate_network,affiliate,campaign_47,34,1,10.0,USD
SP002422,2022-06-02,47,Affiliate,affiliate_network,affiliate,campaign_47,66,2,10.0,USD
SP002423,2022-06-03,47,Affiliate,affiliate_network,affiliate,campaign_47,151,4,10.0,USD
SP002424,2022-06-04,47,Affiliate,affiliate_network,affiliate,campaign_47,133,3,10.0,USD
SP002425,2022-01-05,48,Paid Search,google,cpc,campaign_48,36,2,10.0,USD
SP002426,2022-01-06,48,Paid Search,google,cpc,campaign_48,70,4,10.0,USD
SP002427,2022-01-07,48,Paid Search,google,cpc,campaign_48,149,8,17.36,USD
SP002428,2022-01-08,48,Paid Search,google,cpc,campaign_48,33,2,10.0,USD
SP002429,2022-01-09,48,Paid Search,google,cpc,campaign_48,70,4,10.0,USD
SP002430,2022-01-10,48,Paid Search,google,cpc,campaign_48,19,1,10.0,USD
SP002431,2022-01-11,48,Paid Search,google,cpc,campaign_48,58,3,10.0,USD
SP002432,2022-01-12,48,Paid Search,google,cpc,campaign_48,73,4,10.0,USD
SP002433,2022-01-13,48,Paid Search,google,cpc,campaign_48,56,3,10.0,USD
SP002434,2022-01-14,48,Paid Search,google,cpc,campaign_48,87,4,10.0,USD
SP002435,2022-01-15,48,Paid Search,google,cpc,campaign_48,53,3,10.0,USD
SP002436,2022-01-16,48,Paid Search,google,cpc,campaign_48,58,3,10.0,USD
SP002437,2022-01-17,48,Paid Search,google,cpc,campaign_48,38,2,10.0,USD
SP002438,2022-01-18,48,Paid Search,google,cpc,campaign_48,81,4,10.0,USD
SP002439,2022-01-19,48,Paid Search,google,cpc,campaign_48,47,3,10.0,USD
SP002440,2022-01-20,48,Paid Search,google,cpc,campaign_48,51,3,10.0,USD
SP002441,2022-01-21,48,Paid Search,google,cpc,campaign_48,108,7,15.76,USD
SP002442,2022-01-22,48,Paid Search,google,cpc,campaign_48,181,10,21.12,USD
SP002443,2022-01-23,48,Paid Search,google,cpc,campaign_48,36,2,10.0,USD
SP002444,2022-01-24,48,Paid Search,google,cpc,campaign_48,157,9,22.64,USD
SP002445,2022-01-25,48,Paid Search,google,cpc,campaign_48,99,5,10.15,USD
SP002446,2022-01-26,48,Paid Search,google,cpc,campaign_48,132,5,12.2,USD
SP002447,2022-01-27,48,Paid Search,google,cpc,campaign_48,29,2,10.0,USD
SP002448,2022-01-28,48,Paid Search,google,cpc,campaign_48,75,4,10.0,USD
SP002449,2022-01-29,48,Paid Search,google,cpc,campaign_48,38,2,10.0,USD
SP002450,2022-01-30,48,Paid Search,google,cpc,campaign_48,104,6,13.46,USD
SP002451,2022-01-31,48,Paid Search,google,cpc,campaign_48,84,5,10.27,USD
SP002452,2022-02-01,48,Paid Search,google,cpc,campaign_48,14,1,10.0,USD
SP002453,2022-02-02,48,Paid Search,google,cpc,campaign_48,71,4,10.0,USD
SP002454,2022-02-03,48,Paid Search,google,cpc,campaign_48,96,5,10.56,USD
SP002455,2022-02-04,48,Paid Search,google,cpc,campaign_48,42,2,10.0,USD
SP002456,2022-02-05,48,Paid Search,google,cpc,campaign_48,127,7,14.08,USD
SP002457,2022-02-06,48,Paid Search,google,cpc,campaign_48,36,2,10.0,USD
SP002458,2022-02-07,48,Paid Search,google,cpc,campaign_48,45,2,10.0,USD
SP002459,2022-02-08,48,Paid Search,google,cpc,campaign_48,85,5,11.08,USD
SP002460,2022-02-09,48,Paid Search,google,cpc,campaign_48,16,1,10.0,USD
SP002461,2022-02-10,48,Paid Search,google,cpc,campaign_48,82,5,10.37,USD
SP002462,2022-02-11,48,Paid Search,google,cpc,campaign_48,68,4,10.0,USD
SP002463,2022-02-12,48,Paid Search,google,cpc,campaign_48,100,6,15.4,USD
SP002464,2022-02-13,48,Paid Search,google,cpc,campaign_48,21,1,10.0,USD
SP002465,2022-02-14,48,Paid Search,google,cpc,campaign_48,111,6,11.91,USD
SP002466,2022-02-15,48,Paid Search,google,cpc,campaign_48,53,3,10.0,USD
SP002467,2022-02-16,48,Paid Search,google,cpc,campaign_48,65,4,10.0,USD
SP002468,2022-02-17,48,Paid Search,google,cpc,campaign_48,71,4,10.0,USD
SP002469,2022-02-18,48,Paid Search,google,cpc,campaign_48,74,4,10.0,USD
SP002470,2022-02-19,48,Paid Search,google,cpc,campaign_48,28,1,10.0,USD
SP002471,2022-02-20,48,Paid Search,google,cpc,campaign_48,69,4,10.0,USD
SP002472,2022-02-21,48,Paid Search,google,cpc,campaign_48,46,3,10.0,USD
SP002473,2022-02-22,48,Paid Search,google,cpc,campaign_48,36,2,10.0,USD
SP002474,2022-02-23,48,Paid Search,google,cpc,campaign_48,94,6,15.06,USD
SP002475,2022-02-24,48,Paid Search,google,cpc,campaign_48,107,6,13.94,USD
SP002476,2022-02-25,48,Paid Search,google,cpc,campaign_48,52,3,10.0,USD
SP002477,2022-02-26,48,Paid Search,google,cpc,campaign_48,33,2,10.0,USD
SP002478,2022-02-27,48,Paid Search,google,cpc,campaign_48,70,4,10.0,USD
SP002479,2022-02-28,48,Paid Search,google,cpc,campaign_48,107,6,13.81,USD
SP002480,2022-03-01,48,Paid Search,google,cpc,campaign_48,58,3,10.0,USD
SP002481,2022-03-02,48,Paid Search,google,cpc,campaign_48,150,7,14.58,USD
SP002482,2022-03-03,48,Paid Search,google,cpc,campaign_48,19,1,10.0,USD
SP002483,2022-03-04,48,Paid Search,google,cpc,campaign_48,46,3,10.0,USD
SP002484,2022-03-05,48,Paid Search,google,cpc,campaign_48,40,2,10.0,USD
SP002485,2022-03-06,48,Paid Search,google,cpc,campaign_48,32,2,10.0,USD
SP002486,2022-03-07,48,Paid Search,google,cpc,campaign_48,36,2,10.0,USD
SP002487,2022-03-08,48,Paid Search,google,cpc,campaign_48,82,5,10.25,USD
SP002488,2022-03-09,48,Paid Search,google,cpc,campaign_48,105,6,12.31,USD
SP002489,2022-03-10,48,Paid Search,google,cpc,campaign_48,37,2,10.0,USD
SP002490,2022-03-11,48,Paid Search,google,cpc,campaign_48,39,2,10.0,USD
SP002491,2022-03-12,48,Paid Search,google,cpc,campaign_48,38,2,10.0,USD
SP002492,2022-03-13,48,Paid Search,google,cpc,campaign_48,68,4,10.0,USD
SP002493,2022-03-14,48,Paid Search,google,cpc,campaign_48,113,6,14.77,USD
SP002494,2022-03-15,48,Paid Search,google,cpc,campaign_48,60,3,10.0,USD
SP002495,2022-03-16,48,Paid Search,google,cpc,campaign_48,19,1,10.0,USD
SP002496,2022-03-17,48,Paid Search,google,cpc,campaign_48,61,4,10.0,USD
SP002497,2022-03-18,48,Paid Search,google,cpc,campaign_48,34,2,10.0,USD
SP002498,2022-03-19,48,Paid Search,google,cpc,campaign_48,101,6,11.42,USD
SP002499,2022-03-20,48,Paid Search,google,cpc,campaign_48,35,2,10.0,USD
SP002500,2022-03-21,48,Paid Search,google,cpc,campaign_48,52,3,10.0,USD
SP002501,2022-03-22,48,Paid Search,google,cpc,campaign_48,19,1,10.0,USD
SP002502,2022-03-23,48,Paid Search,google,cpc,campaign_48,54,3,10.0,USD
SP002503,2022-03-24,48,Paid Search,google,cpc,campaign_48,179,8,16.76,USD
SP002504,2022-03-25,48,Paid Search,google,cpc,campaign_48,66,4,10.0,USD
SP002505,2022-03-26,48,Paid Search,google,cpc,campaign_48,95,5,10.39,USD
SP002506,2022-03-27,48,Paid Search,google,cpc,campaign_48,184,9,22.05,USD
SP002507,2022-03-28,48,Paid Search,google,cpc,campaign_48,89,5,10.0,USD
SP002508,2022-03-29,48,Paid Search,google,cpc,campaign_48,56,3,10.0,USD
SP002509,2022-03-30,48,Paid Search,google,cpc,campaign_48,67,4,10.0,USD
SP002510,2022-03-31,48,Paid Search,google,cpc,campaign_48,55,3,10.0,USD
SP002511,2022-04-01,48,Paid Search,google,cpc,campaign_48,19,1,10.0,USD
SP002512,2022-04-02,48,Paid Search,google,cpc,campaign_48,18,1,10.0,USD
SP002513,2022-04-03,48,Paid Search,google,cpc,campaign_48,48,3,10.0,USD
SP002514,2022-04-04,48,Paid Search,google,cpc,campaign_48,66,4,10.0,USD
SP002515,2021-04-09,49,Paid Search,google,cpc,campaign_49,103,6,12.87,USD
SP002516,2021-04-10,49,Paid Search,google,cpc,campaign_49,50,3,10.0,USD
SP002517,2021-04-11,49,Paid Search,google,cpc,campaign_49,51,3,10.0,USD
SP002518,2021-04-12,49,Paid Search,google,cpc,campaign_49,60,3,10.0,USD
SP002519,2021-04-13,49,Paid Search,google,cpc,campaign_49,51,3,10.0,USD
SP002520,2021-04-14,49,Paid Search,google,cpc,campaign_49,65,4,10.0,USD
SP002521,2021-04-15,49,Paid Search,google,cpc,campaign_49,49,3,10.0,USD
SP002522,2021-04-16,49,Paid Search,google,cpc,campaign_49,20,1,10.0,USD
SP002523,2021-04-17,49,Paid Search,google,cpc,campaign_49,19,1,10.0,USD
SP002524,2021-04-18,49,Paid Search,google,cpc,campaign_49,19,1,10.0,USD
SP002525,2021-04-19,49,Paid Search,google,cpc,campaign_49,19,1,10.0,USD
SP002526,2021-04-20,49,Paid Search,google,cpc,campaign_49,98,6,11.9,USD
SP002527,2021-04-21,49,Paid Search,google,cpc,campaign_49,78,4,10.0,USD
SP002528,2021-04-22,49,Paid Search,google,cpc,campaign_49,33,2,10.0,USD
SP002529,2021-04-23,49,Paid Search,google,cpc,campaign_49,132,7,58.46,USD
SP002530,2021-04-24,49,Paid Search,google,cpc,campaign_49,91,5,12.39,USD
SP002531,2021-04-25,49,Paid Search,google,cpc,campaign_49,16,1,10.0,USD
SP002532,2021-04-26,49,Paid Search,google,cpc,campaign_49,46,3,10.0,USD
SP002533,2021-04-27,49,Paid Search,google,cpc,campaign_49,74,4,10.0,USD
SP002534,2021-04-28,49,Paid Search,google,cpc,campaign_49,62,4,10.0,USD
SP002535,2021-04-29,49,Paid Search,google,cpc,campaign_49,75,4,10.37,USD
SP002536,2021-04-30,49,Paid Search,google,cpc,campaign_49,54,3,10.0,USD
SP002537,2021-05-01,49,Paid Search,google,cpc,campaign_49,86,5,10.15,USD
SP002538,2021-05-02,49,Paid Search,google,cpc,campaign_49,35,2,10.0,USD
SP002539,2021-05-03,49,Paid Search,google,cpc,campaign_49,18,1,10.0,USD
SP002540,2021-05-04,49,Paid Search,google,cpc,campaign_49,92,5,10.78,USD
SP002541,2021-05-05,49,Paid Search,google,cpc,campaign_49,78,5,10.32,USD
SP002542,2021-05-06,49,Paid Search,google,cpc,campaign_49,54,3,10.0,USD
SP002543,2021-05-07,49,Paid Search,google,cpc,campaign_49,68,4,10.0,USD
SP002544,2021-05-08,49,Paid Search,google,cpc,campaign_49,94,6,11.34,USD
SP002545,2021-05-09,49,Paid Search,google,cpc,campaign_49,34,2,10.0,USD
SP002546,2021-05-10,49,Paid Search,google,cpc,campaign_49,17,1,10.0,USD
SP002547,2021-05-11,49,Paid Search,google,cpc,campaign_49,18,1,10.0,USD
SP002548,2021-05-12,49,Paid Search,google,cpc,campaign_49,17,1,10.0,USD
SP002549,2021-05-13,49,Paid Search,google,cpc,campaign_49,37,2,10.0,USD
SP002550,2021-05-14,49,Paid Search,google,cpc,campaign_49,43,3,10.0,USD
SP002551,2021-05-15,49,Paid Search,google,cpc,campaign_49,62,3,10.0,USD
SP002552,2021-05-16,49,Paid Search,google,cpc,campaign_49,55,3,10.0,USD
SP002553,2021-05-17,49,Paid Search,google,cpc,campaign_49,52,3,10.0,USD
SP002554,2021-05-18,49,Paid Search,google,cpc,campaign_49,86,5,12.29,USD
SP002555,2021-05-19,49,Paid Search,google,cpc,campaign_49,103,6,11.58,USD
SP002556,2021-05-20,49,Paid Search,google,cpc,campaign_49,21,1,10.0,USD
SP002557,2021-05-21,49,Paid Search,google,cpc,campaign_49,76,3,10.0,USD
SP002558,2021-05-22,49,Paid Search,google,cpc,campaign_49,67,3,10.0,USD
SP002559,2021-05-23,49,Paid Search,google,cpc,campaign_49,60,3,10.0,USD
SP002560,2021-05-24,49,Paid Search,google,cpc,campaign_49,55,4,10.0,USD
SP002561,2021-02-14,50,Email,email,email,campaign_50,125,6,10.0,USD
SP002562,2021-02-15,50,Email,email,email,campaign_50,24,1,10.0,USD
SP002563,2021-02-16,50,Email,email,email,campaign_50,113,5,10.0,USD
SP002564,2021-02-17,50,Email,email,email,campaign_50,98,4,10.0,USD
SP002565,2021-02-18,50,Email,email,email,campaign_50,104,4,10.0,USD
SP002566,2021-02-19,50,Email,email,email,campaign_50,70,3,10.0,USD
SP002567,2021-02-20,50,Email,email,email,campaign_50,96,5,10.0,USD
SP002568,2021-02-21,50,Email,email,email,campaign_50,56,3,10.0,USD
SP002569,2021-02-22,50,Email,email,email,campaign_50,145,6,10.0,USD
SP002570,2021-02-23,50,Email,email,email,campaign_50,44,2,10.0,USD
SP002571,2021-02-24,50,Email,email,email,campaign_50,170,8,10.0,USD
SP002572,2021-02-25,50,Email,email,email,campaign_50,91,4,10.0,USD
SP002573,2021-02-26,50,Email,email,email,campaign_50,98,5,10.0,USD
SP002574,2021-02-27,50,Email,email,email,campaign_50,69,3,10.0,USD
SP002575,2021-02-28,50,Email,email,email,campaign_50,47,2,10.0,USD
SP002576,2021-03-01,50,Email,email,email,campaign_50,120,5,10.0,USD
SP002577,2021-03-02,50,Email,email,email,campaign_50,45,2,10.0,USD
SP002578,2021-03-03,50,Email,email,email,campaign_50,30,1,10.0,USD
SP002579,2021-03-04,50,Email,email,email,campaign_50,68,3,10.0,USD
SP002580,2021-03-05,50,Email,email,email,campaign_50,44,2,10.0,USD
SP002581,2021-03-06,50,Email,email,email,campaign_50,85,3,10.0,USD
SP002582,2021-03-07,50,Email,email,email,campaign_50,109,5,10.0,USD
SP002583,2021-03-08,50,Email,email,email,campaign_50,87,4,10.0,USD
SP002584,2021-03-09,50,Email,email,email,campaign_50,123,6,10.0,USD
SP002585,2021-03-10,50,Email,email,email,campaign_50,95,3,10.0,USD
SP002586,2021-03-11,50,Email,email,email,campaign_50,99,4,10.0,USD
SP002587,2021-03-12,50,Email,email,email,campaign_50,136,6,10.0,USD
SP002588,2021-03-13,50,Email,email,email,campaign_50,53,2,10.0,USD
SP002589,2021-03-14,50,Email,email,email,campaign_50,62,3,10.0,USD
SP002590,2021-03-15,50,Email,email,email,campaign_50,97,4,10.0,USD
SP002591,2021-03-16,50,Email,email,email,campaign_50,60,3,10.0,USD
SP002592,2021-03-17,50,Email,email,email,campaign_50,60,3,10.0,USD
SP002593,2021-03-18,50,Email,email,email,campaign_50,90,4,10.0,USD
SP002594,2021-03-19,50,Email,email,email,campaign_50,68,3,10.0,USD
SP002595,2021-03-20,50,Email,email,email,campaign_50,77,3,10.0,USD
SP002596,2021-03-21,50,Email,email,email,campaign_50,44,2,10.0,USD
SP002597,2021-03-22,50,Email,email,email,campaign_50,82,4,10.0,USD
SP002598,2021-03-23,50,Email,email,email,campaign_50,172,8,10.0,USD
SP002599,2021-03-24,50,Email,email,email,campaign_50,78,4,10.0,USD
